Theta,I_dq,Lambda_d,Lambda_q,Torque
-180,68,-169.61,-0.0,0.0
-180,34,-152.93,0.01,0.0
-180,136,-202.55,0.0,0.0
-180,102,-185.72,0.0,0.0
-180,170,-220.84,-0.01,0.0
-180,204,-237.11,-0.0,0.0
-180,272,-257.62,-0.01,0.0
-180,0,-135.72,0.02,0.0
-180,306,-266.86,-0.03,0.0
-180,238,-248.33,-0.01,0.0
-180,340,-275.58,-0.04,0.0
-175,0,-131.94,-36.88,-0.0
-175,34,-151.37,-26.19,-0.0
-175,68,-169.89,-15.77,-0.0
-175,136,-205.33,3.69,-0.0
-175,102,-187.76,-5.61,-0.0
-175,170,-223.16,11.19,-0.0
-175,238,-248.71,18.79,-0.0
-175,204,-237.26,15.96,-0.0
-175,272,-258.42,20.85,-0.0
-175,340,-276.11,24.27,-0.0
-170,68,-168.62,-31.7,0.0
-170,34,-144.6,-49.35,0.0
-175,306,-267.44,22.63,-0.0
-170,136,-210.01,-0.45,0.0
-170,102,-190.69,-14.99,0.0
-170,170,-225.69,10.6,0.0
-170,0,-119.27,-67.52,0.0
-170,204,-239.1,18.48,0.0
-170,306,-269.79,32.62,0.0
-170,340,-278.98,35.63,0.0
-165,102,-189.1,-34.43,0.0
-165,136,-210.22,-18.69,0.0
-165,170,-226.17,-6.81,-0.0
-165,0,-95.99,-96.14,0.0
-165,204,-239.43,2.97,0.0
-165,238,-251.23,11.47,0.0
-165,68,-161.58,-53.78,0.0
-165,272,-262.0,18.9,-0.0
-165,306,-271.87,25.21,0.0
-170,238,-250.38,24.26,0.0
-165,340,-280.85,30.25,-0.0
-160,170,-220.67,-36.44,-0.0
-160,68,-146.05,-80.0,0.0
-160,204,-235.5,-26.53,-0.0
-160,238,-247.73,-18.14,-0.0
-165,34,-129.16,-75.11,0.0
-160,136,-202.28,-48.29,-0.0
-160,102,-178.96,-62.32,0.0
-170,272,-260.39,28.89,0.0
-160,34,-107.09,-99.93,0.0
-160,0,-67.41,-119.43,-0.0
-160,306,-268.13,-3.84,-0.0
-160,340,-277.26,2.64,0.0
-160,272,-258.38,-10.72,0.0
-155,0,-36.79,-132.1,0.0
-155,34,-78.56,-117.33,0.0
-155,68,-119.32,-102.64,-0.0
-155,306,-255.98,-32.6,-0.0
-155,102,-155.13,-89.36,-0.0
-155,170,-200.08,-68.38,-0.0
-155,272,-244.27,-40.76,-0.0
-155,238,-231.03,-49.55,-0.0
-155,204,-216.37,-58.77,-0.0
-155,136,-181.03,-78.38,0.0
-150,0,-0.11,-135.85,0.0
-155,340,-266.18,-25.26,0.0
-150,68,-76.77,-118.58,0.0
-150,34,-38.64,-127.11,-0.0
-150,238,-201.58,-79.54,0.0
-150,170,-168.59,-94.89,-0.0
-150,102,-112.67,-110.69,-0.0
-145,0,36.58,-132.09,0.0
-150,204,-186.89,-87.02,0.0
-150,306,-226.99,-64.7,0.0
-150,136,-144.25,-103.01,0.0
-150,340,-238.48,-57.22,0.0
-145,34,5.56,-127.08,-0.0
-150,272,-214.73,-72.13,-0.0
-145,68,-25.59,-122.48,0.0
-145,136,-83.73,-114.01,-0.0
-145,272,-171.26,-91.97,-0.0
-145,204,-133.62,-104.49,-0.0
-145,102,-55.39,-118.17,0.0
-145,340,-199.41,-78.35,0.0
-145,170,-110.39,-109.66,-0.0
-140,34,45.36,-113.12,0.0
-140,68,23.42,-107.01,0.0
-140,0,67.2,-119.39,0.0
-140,204,-56.7,-82.21,-0.0
-135,0,95.97,-95.97,0.0
-140,170,-38.04,-88.59,0.0
-145,306,-186.66,-85.13,0.0
-135,34,83.61,-83.62,0.0
-140,102,2.04,-100.95,0.0
-145,238,-153.68,-98.5,-0.0
-135,68,71.3,-71.32,-0.0
-140,136,-18.38,-94.82,0.0
-130,0,119.38,-67.22,-0.0
-135,170,36.06,-36.08,-0.0
-140,340,-118.99,-53.78,0.0
-135,102,59.16,-59.17,0.0
-130,34,113.12,-45.37,0.0
-130,68,106.99,-23.45,0.0
-140,306,-104.75,-61.05,-0.0
-135,136,47.47,-47.51,-0.0
-135,340,-19.04,19.0,-0.0
-140,272,-89.76,-68.33,0.0
-140,238,-73.97,-75.5,-0.0
-130,170,88.59,38.01,-0.0
-130,102,100.94,-2.07,-0.0
-130,136,94.82,18.37,-0.0
-135,204,24.76,-24.82,0.0
-125,68,122.49,25.54,-0.0
-135,272,2.59,-2.66,0.0
-125,170,109.7,110.37,0.0
-135,238,13.61,-13.68,0.0
-135,306,-8.31,8.25,0.0
-125,102,118.19,55.38,0.0
-125,0,132.08,-36.6,0.0
-125,136,114.03,83.71,-0.0
-130,204,82.2,56.65,0.0
-120,34,127.13,38.64,-0.0
-125,204,104.51,133.62,0.0
-120,68,118.61,76.78,-0.0
-125,34,127.08,-5.6,-0.0
-130,340,53.77,118.95,0.0
-120,102,110.73,112.65,-0.0
-125,272,92.0,171.24,-0.0
-120,136,103.05,144.24,-0.0
-130,272,68.34,89.76,0.0
-120,0,135.86,0.1,0.0
-130,238,75.5,73.95,0.0
-120,170,94.93,168.57,-0.0
-120,204,87.07,186.87,-0.0
-125,340,78.36,199.4,0.0
-125,306,85.16,186.65,0.0
-115,0,132.12,36.78,0.0
-120,340,57.28,238.47,0.0
-120,306,64.76,226.97,-0.0
-130,306,61.05,104.72,-0.0
-120,238,79.6,201.56,0.0
-115,34,117.35,78.56,0.0
-120,272,72.18,214.71,-0.0
-115,68,102.66,119.35,0.0
-115,102,89.38,155.14,0.0
-115,238,49.59,231.02,0.0
-115,170,68.38,200.12,-0.0
-115,136,78.4,181.04,-0.0
-115,204,58.79,216.37,-0.0
-115,340,25.29,266.18,-0.0
-115,272,40.8,244.26,0.0
-115,306,32.64,255.97,0.0
-110,34,99.95,107.1,0.0
-110,102,62.34,178.95,-0.0
-110,170,36.47,220.65,-0.0
-110,68,80.03,146.05,0.0
-125,238,98.53,153.69,-0.0
-110,272,10.73,258.39,0.0
-110,204,26.56,235.49,0.0
-110,238,18.17,247.72,-0.0
-110,136,48.32,202.28,-0.0
-110,0,119.42,67.41,-0.0
-110,340,-2.62,277.28,0.0
-105,136,18.72,210.2,0.0
-105,102,34.45,189.11,-0.0
-110,306,3.88,268.12,0.0
-105,204,-2.93,239.42,0.0
-105,170,6.82,226.18,0.0
-105,272,-18.87,262.01,-0.0
-105,238,-11.43,251.22,0.0
-100,34,49.37,144.6,-0.0
-105,0,96.16,95.97,0.0
-105,306,-25.16,271.87,-0.0
-100,136,0.48,210.01,-0.0
-105,34,75.12,129.17,-0.0
-100,102,15.01,190.69,0.0
-105,340,-30.18,280.84,-0.0
-100,170,-10.57,225.7,-0.0
-100,68,31.72,168.62,0.0
-105,68,53.8,161.59,0.0
-95,136,-3.7,205.32,0.0
-95,68,15.76,169.9,0.0
-95,0,36.89,131.94,0.0
-95,34,26.18,151.37,-0.0
-95,102,5.6,187.77,0.0
-100,0,67.53,119.27,0.0
-100,204,-18.48,239.12,0.0
-90,136,-0.01,202.56,-0.0
-95,170,-11.2,223.17,0.0
-100,340,-35.66,279.01,0.0
-90,68,-0.01,169.61,-0.0
-90,0,-0.01,135.72,-0.0
-90,34,-0.0,152.94,-0.0
-90,102,-0.02,185.71,-0.0
-95,272,-20.87,258.46,-0.0
-95,340,-24.33,276.15,0.0
-90,170,-0.01,220.85,0.0
-95,306,-22.67,267.48,-0.0
-95,238,-18.81,248.74,0.0
-100,306,-32.64,269.82,-0.0
-90,204,0.0,237.14,-0.0
-95,204,-15.96,237.29,0.0
-90,306,-0.01,266.9,0.0
-90,238,-0.02,248.34,0.0
-85,0,-36.89,131.94,-0.0
-85,68,-15.78,169.9,0.0
-90,340,-0.02,275.63,0.0
-85,34,-26.19,151.37,0.0
-90,272,-0.01,257.66,0.0
-85,136,3.69,205.34,-0.0
-85,102,-5.62,187.76,-0.0
-85,170,11.19,223.18,0.0
-85,238,18.8,248.74,-0.0
-100,238,-24.24,250.4,0.0
-80,34,-49.37,144.59,-0.0
-80,68,-31.71,168.62,0.0
-85,340,24.31,276.15,-0.0
-85,306,22.66,267.49,0.0
-80,136,-0.45,210.02,-0.0
-80,102,-14.99,190.69,-0.0
-85,204,15.96,237.29,0.0
-80,170,10.59,225.71,-0.0
-100,272,-28.91,260.42,-0.0
-85,272,20.84,258.46,0.0
-75,68,-53.78,161.58,-0.0
-80,0,-67.53,119.27,-0.0
-75,34,-75.11,129.15,0.0
-80,204,18.49,239.12,0.0
-75,102,-34.42,189.11,-0.0
-75,204,2.98,239.45,-0.0
-75,136,-18.7,210.21,-0.0
-75,170,-6.81,226.18,0.0
-75,238,11.46,251.24,0.0
-70,0,-119.42,67.42,-0.0
-80,306,32.65,269.84,0.0
-75,0,-96.15,95.99,-0.0
-75,272,18.93,262.04,-0.0
-80,340,35.66,279.03,-0.0
-75,306,25.23,271.91,0.0
-75,340,30.24,280.89,-0.0
-70,170,-36.46,220.67,0.0
-70,68,-80.0,146.05,-0.0
-70,340,2.68,277.34,0.0
-70,306,-3.82,268.18,-0.0
-65,0,-132.11,36.78,0.0
-70,102,-62.34,178.95,0.0
-70,238,-18.13,247.77,0.0
-70,204,-26.52,235.52,0.0
-65,34,-117.33,78.56,0.0
-70,136,-48.3,202.29,-0.0
-70,272,-10.69,258.44,0.0
-80,238,24.26,250.41,0.0
-65,68,-102.64,119.33,0.0
-65,102,-89.35,155.15,0.0
-70,34,-99.93,107.09,0.0
-65,238,-49.57,231.02,-0.0
-65,136,-78.37,181.05,-0.0
-65,170,-68.38,200.1,0.0
-65,340,-25.27,266.22,-0.0
-65,306,-32.6,256.02,0.0
-65,204,-58.78,216.37,0.0
-80,272,28.91,260.42,0.0
-60,34,-127.11,38.65,-0.0
-60,68,-118.58,76.77,0.0
-65,272,-40.78,244.28,0.0
-60,102,-110.7,112.65,0.0
-60,0,-135.86,0.13,-0.0
-60,136,-103.02,144.23,-0.0
-60,170,-94.89,168.6,-0.0
-60,204,-87.03,186.89,-0.0
-60,272,-72.13,214.74,0.0
-60,306,-64.7,227.03,0.0
-60,340,-57.22,238.54,0.0
-55,68,-122.48,25.6,0.0
-55,272,-91.97,171.26,-0.0
-55,136,-114.0,83.73,-0.0
-55,170,-109.65,110.38,-0.0
-60,238,-79.54,201.58,0.0
-55,204,-104.47,133.59,-0.0
-50,68,-107.0,-23.43,0.0
-55,0,-132.09,-36.56,0.0
-55,102,-118.17,55.39,-0.0
-55,34,-127.08,-5.54,0.0
-50,34,-113.12,-45.37,0.0
-50,170,-88.59,38.04,-0.0
-45,0,-95.98,-95.96,0.0
-45,68,-71.33,-71.29,-0.0
-45,34,-83.63,-83.61,0.0
-55,306,-85.13,186.67,-0.0
-50,0,-119.39,-67.2,0.0
-50,102,-100.95,-2.04,-0.0
-40,34,-45.39,-113.11,-0.0
-50,136,-94.82,18.38,0.0
-45,170,-36.08,-36.04,0.0
-40,68,-23.45,-106.99,-0.0
-45,102,-59.18,-59.14,0.0
-50,340,-53.76,118.97,0.0
-35,0,-36.59,-132.08,-0.0
-55,340,-78.35,199.43,0.0
-40,340,118.93,-53.75,0.0
-40,0,-67.23,-119.37,0.0
-50,238,-75.49,73.96,0.0
-45,136,-47.5,-47.46,-0.0
-40,170,38.0,-88.57,-0.0
-50,204,-82.2,56.69,-0.0
-40,102,-2.07,-100.94,-0.0
-55,238,-98.49,153.67,0.0
-40,136,18.37,-94.81,0.0
-35,68,25.52,-122.49,0.0
-35,102,55.32,-118.18,0.0
-35,170,110.34,-109.69,0.0
-30,0,0.1,-135.86,0.0
-35,136,83.64,-114.03,0.0
-35,272,171.26,-92.03,-0.0
-50,272,-68.33,89.78,0.0
-50,306,-61.05,104.75,0.0
-45,340,19.0,19.06,-0.0
-35,204,133.56,-104.52,0.0
-35,34,-5.61,-127.08,-0.0
-45,204,-24.81,-24.77,0.0
-30,68,76.79,-118.6,0.0
-30,170,168.61,-94.92,-0.0
-30,238,201.6,-79.57,0.0
-45,306,8.26,8.31,-0.0
-30,204,186.91,-87.06,-0.0
-30,102,112.67,-110.73,-0.0
-45,238,-13.66,-13.62,0.0
-30,34,38.65,-127.12,-0.0
-45,272,-2.66,-2.6,0.0
-40,204,56.65,-82.19,0.0
-30,136,144.26,-103.05,-0.0
-30,272,214.75,-72.17,-0.0
-25,34,78.57,-117.35,-0.0
-30,340,238.52,-57.24,0.0
-25,68,119.36,-102.65,-0.0
-35,340,199.42,-78.4,0.0
-25,102,155.16,-89.37,0.0
-35,306,186.67,-85.18,-0.0
-25,204,216.39,-58.79,0.0
-40,306,104.69,-61.03,0.0
-25,340,266.24,-25.29,0.0
-25,136,181.07,-78.39,-0.0
-25,306,256.03,-32.63,0.0
-25,272,244.3,-40.79,0.0
-25,170,200.13,-68.4,0.0
-40,238,73.9,-75.47,-0.0
-25,238,231.05,-49.58,0.0
-20,34,107.11,-99.94,0.0
-40,272,89.72,-68.32,0.0
-20,102,178.97,-62.33,0.0
-20,136,202.3,-48.31,0.0
-20,170,220.7,-36.45,0.0
-20,68,146.06,-80.03,-0.0
-35,238,153.7,-98.55,-0.0
-30,306,227.01,-64.74,0.0
-20,204,235.53,-26.54,0.0
-20,272,258.43,-10.72,0.0
-20,340,277.34,2.64,-0.0
-25,0,36.77,-132.11,0.0
-15,102,189.13,-34.43,-0.0
-20,306,268.19,-3.84,-0.0
-20,238,247.77,-18.15,0.0
-15,136,210.22,-18.74,0.0
-15,34,129.18,-75.12,0.0
-15,170,226.22,-6.81,-0.0
-15,204,239.48,2.97,-0.0
-15,238,251.3,11.45,0.0
-15,272,262.09,18.91,-0.0
-10,102,190.71,-14.98,-0.0
-20,0,67.4,-119.43,-0.0
-15,306,271.97,25.22,0.0
-15,340,280.96,30.24,0.0
-10,170,225.72,10.58,0.0
-10,136,210.03,-0.45,-0.0
-5,68,169.9,-15.77,0.0
-5,102,187.78,-5.61,-0.0
-5,136,205.33,3.7,0.0
-15,0,95.97,-96.16,0.0
-10,34,144.61,-49.37,-0.0
0,136,202.57,0.01,0.0
-15,68,161.61,-53.79,-0.0
0,68,169.61,0.01,0.0
-10,340,279.08,35.68,-0.0
-10,204,239.16,18.49,0.0
-5,170,223.2,11.2,0.0
0,102,185.72,0.01,-0.0
-5,34,151.37,-26.2,-0.0
-10,68,168.64,-31.7,0.0
-5,238,248.77,18.82,-0.0
-5,0,131.93,-36.91,-0.0
-10,0,119.28,-67.52,-0.0
-5,306,267.53,22.67,0.0
-5,340,276.21,24.34,0.0
-5,272,258.51,20.87,-0.0
0,204,237.16,-0.0,0.0
5,34,151.37,26.18,-0.0
0,170,220.87,0.01,0.0
0,34,152.94,0.0,-0.0
-5,204,237.32,15.97,-0.0
0,306,266.95,0.01,-0.0
0,238,248.37,0.0,0.0
-10,306,269.88,32.66,-0.0
0,340,275.68,0.01,-0.0
0,272,257.7,0.0,-0.0
5,102,187.77,5.61,-0.0
5,136,205.35,-3.7,0.0
5,68,169.9,15.77,-0.0
5,170,223.2,-11.2,-0.0
10,68,168.63,31.69,0.0
10,0,119.27,67.52,0.0
10,34,144.6,49.36,0.0
10,102,190.7,14.99,0.0
5,238,248.77,-18.81,-0.0
10,170,225.73,-10.61,-0.0
10,136,210.04,0.45,0.0
5,272,258.5,-20.87,0.0
5,204,237.31,-15.97,0.0
5,340,276.21,-24.32,-0.0
5,306,267.53,-22.67,0.0
-10,238,250.46,24.27,0.0
0,0,135.72,-0.01,0.0
15,0,95.99,96.14,0.0
15,136,210.24,18.69,-0.0
15,34,129.17,75.11,0.0
15,102,189.12,34.42,0.0
5,0,131.94,36.88,-0.0
-10,272,260.47,28.92,-0.0
15,238,251.28,-11.48,-0.0
15,204,239.47,-2.99,0.0
15,170,226.22,6.78,-0.0
10,204,239.15,-18.5,-0.0
15,272,262.08,-18.94,0.0
10,340,279.09,-35.68,0.0
10,306,269.88,-32.67,0.0
20,34,107.1,99.94,-0.0
15,68,161.59,53.78,0.0
15,306,271.96,-25.25,0.0
20,170,220.7,36.44,0.0
15,340,280.95,-30.27,-0.0
20,306,268.22,3.82,0.0
20,340,277.36,-2.68,-0.0
20,68,146.06,80.0,0.0
20,238,247.79,18.12,0.0
20,136,202.3,48.3,-0.0
20,102,178.98,62.32,0.0
20,204,235.54,26.52,0.0
25,34,78.56,117.34,0.0
20,272,258.46,10.69,-0.0
25,204,216.39,58.77,-0.0
25,238,231.05,49.56,0.0
25,272,244.31,40.77,-0.0
25,340,266.24,25.26,0.0
25,136,181.07,78.37,0.0
25,306,256.04,32.61,0.0
25,170,200.14,68.36,0.0
25,68,119.34,102.64,-0.0
25,102,155.16,89.35,-0.0
20,0,67.43,119.42,-0.0
30,34,38.64,127.11,-0.0
10,238,250.44,-24.27,0.0
35,0,-36.58,132.09,-0.0
30,68,76.79,118.58,-0.0
30,238,201.59,79.55,-0.0
30,170,168.6,94.9,0.0
30,306,227.03,64.71,0.0
30,102,112.69,110.7,0.0
35,34,-5.56,127.08,-0.0
30,204,186.89,87.03,-0.0
30,136,144.23,103.02,-0.0
25,0,36.82,132.11,0.0
30,340,238.53,57.22,0.0
10,272,260.47,-28.93,0.0
35,68,25.58,122.49,0.0
40,0,-67.22,119.37,-0.0
35,170,110.4,109.67,-0.0
35,272,171.27,91.99,0.0
35,204,133.62,104.49,-0.0
35,136,83.73,114.01,0.0
30,0,0.12,135.86,0.0
35,102,55.37,118.17,-0.0
40,68,-23.43,107.0,0.0
30,272,214.75,72.14,0.0
35,340,199.42,78.36,0.0
40,34,-45.36,113.12,-0.0
45,68,-71.29,71.32,-0.0
40,170,38.03,88.58,0.0
45,34,-83.61,83.63,0.0
50,34,-113.11,45.4,0.0
40,102,-2.04,100.94,-0.0
55,0,-132.08,36.58,-0.0
45,170,-36.03,36.07,0.0
45,102,-59.14,59.17,-0.0
50,0,-119.37,67.21,0.0
50,68,-106.98,23.46,-0.0
40,136,18.38,94.81,0.0
50,340,-53.74,-118.9,0.0
35,306,186.68,85.15,0.0
50,170,-88.57,-38.0,0.0
55,68,-122.5,-25.57,0.0
45,0,-95.96,95.97,-0.0
45,136,-47.45,47.49,-0.0
40,204,56.71,82.21,0.0
50,102,-100.93,2.07,0.0
55,170,-109.7,-110.39,0.0
55,102,-118.2,-55.35,0.0
35,238,153.72,98.52,0.0
55,272,-92.01,-171.23,0.0
50,136,-94.81,-18.37,-0.0
60,34,-127.12,-38.64,-0.0
40,272,89.8,68.34,-0.0
60,68,-118.6,-76.79,-0.0
45,340,19.08,-18.99,0.0
55,136,-114.04,-83.71,-0.0
55,204,-104.52,-133.59,0.0
40,340,118.99,53.77,-0.0
60,238,-79.59,-201.58,0.0
60,204,-87.06,-186.91,0.0
60,170,-94.93,-168.6,-0.0
60,102,-110.73,-112.66,0.0
55,34,-127.08,5.57,-0.0
65,0,-132.11,-36.78,-0.0
60,136,-103.04,-144.23,0.0
55,340,-78.38,-199.43,-0.0
60,272,-72.16,-214.73,0.0
45,204,-24.76,24.81,0.0
40,238,73.98,75.49,0.0
60,340,-57.26,-238.5,-0.0
60,306,-64.76,-226.99,0.0
65,34,-117.35,-78.57,0.0
50,204,-82.18,-56.64,-0.0
65,68,-102.65,-119.37,0.0
45,306,8.33,-8.24,0.0
40,306,104.78,61.06,0.0
45,238,-13.6,13.66,0.0
60,0,-135.86,-0.1,-0.0
45,272,-2.59,2.65,0.0
55,306,-85.18,-186.67,0.0
65,170,-68.39,-200.13,0.0
65,102,-89.36,-155.17,0.0
65,136,-78.39,-181.06,0.0
50,238,-75.47,-73.9,-0.0
65,340,-25.27,-266.23,-0.0
65,272,-40.79,-244.3,0.0
65,238,-49.58,-231.04,-0.0
65,204,-58.79,-216.38,0.0
70,34,-99.94,-107.1,0.0
65,306,-32.62,-256.02,0.0
50,306,-61.02,-104.7,-0.0
50,272,-68.3,-89.72,-0.0
70,170,-36.46,-220.67,0.0
70,102,-62.34,-178.96,-0.0
70,68,-80.02,-146.06,-0.0
70,136,-48.31,-202.29,0.0
70,204,-26.56,-235.53,-0.0
70,306,-3.87,-268.17,-0.0
70,340,2.63,-277.33,0.0
70,238,-18.16,-247.75,0.0
55,238,-98.56,-153.7,0.0
75,0,-96.16,-95.96,0.0
75,102,-34.46,-189.1,-0.0
75,136,-18.74,-210.21,-0.0
75,204,2.91,-239.43,0.0
75,272,18.87,-262.04,-0.0
75,170,-6.82,-226.2,-0.0
70,272,-10.72,-258.43,-0.0
75,238,11.43,-251.25,0.0
80,0,-67.54,-119.27,-0.0
80,136,-0.46,-210.01,-0.0
80,34,-49.39,-144.6,0.0
80,102,-15.0,-190.69,0.0
75,306,25.18,-271.92,-0.0
75,340,30.21,-280.91,-0.0
85,136,3.71,-205.32,-0.0
80,170,10.58,-225.7,0.0
70,0,-119.42,-67.41,-0.0
85,34,-26.19,-151.37,-0.0
85,0,-36.9,-131.94,-0.0
85,102,-5.6,-187.78,0.0
90,136,0.0,-202.56,0.0
75,34,-75.12,-129.17,0.0
90,68,0.01,-169.61,0.0
90,34,0.01,-152.94,0.0
80,204,18.47,-239.12,-0.0
90,102,0.02,-185.71,0.0
80,68,-31.7,-168.64,0.0
90,0,-0.01,-135.72,0.0
85,170,11.2,-223.18,0.0
80,340,35.67,-279.02,0.0
90,170,0.01,-220.85,0.0
85,68,-15.76,-169.9,-0.0
85,238,18.81,-248.74,0.0
85,306,22.67,-267.49,0.0
85,340,24.33,-276.17,-0.0
85,272,20.87,-258.47,0.0
90,306,0.01,-266.9,0.0
95,34,26.18,-151.37,0.0
75,68,-53.81,-161.59,-0.0
95,68,15.77,-169.89,-0.0
90,204,0.0,-237.14,0.0
90,340,0.02,-275.63,0.0
90,238,0.0,-248.35,-0.0
95,102,5.61,-187.77,0.0
90,272,0.01,-257.66,-0.0
85,204,15.96,-237.29,0.0
80,306,32.64,-269.83,0.0
95,170,-11.19,-223.17,0.0
95,136,-3.69,-205.33,0.0
95,272,-20.85,-258.45,0.0
100,34,49.37,-144.58,-0.0
100,68,31.7,-168.62,-0.0
100,102,14.99,-190.69,-0.0
95,238,-18.8,-248.73,0.0
100,0,67.51,-119.27,0.0
95,204,-15.95,-237.28,-0.0
95,306,-22.64,-267.48,0.0
95,340,-24.3,-276.15,0.0
100,170,-10.59,-225.7,0.0
100,136,0.46,-210.01,-0.0
105,0,96.14,-95.99,-0.0
80,238,24.25,-250.42,-0.0
105,136,18.7,-210.21,0.0
105,102,34.42,-189.11,0.0
105,238,-11.45,-251.22,-0.0
105,204,-2.97,-239.43,0.0
105,272,-18.92,-262.02,0.0
105,170,6.8,-226.18,0.0
105,306,-25.21,-271.88,0.0
110,0,119.42,-67.42,0.0
80,272,28.9,-260.43,-0.0
100,204,-18.48,-239.12,0.0
105,340,-30.23,-280.84,0.0
100,340,-35.65,-279.01,-0.0
100,306,-32.63,-269.83,0.0
105,34,75.1,-129.16,0.0
95,0,36.88,-131.94,0.0
110,340,-2.65,-277.25,-0.0
110,170,36.44,-220.67,-0.0
110,68,80.0,-146.05,0.0
110,306,3.84,-268.12,-0.0
110,238,18.15,-247.71,0.0
110,204,26.53,-235.5,0.0
110,102,62.31,-178.96,-0.0
110,136,48.3,-202.27,0.0
115,170,68.37,-200.1,-0.0
115,306,32.61,-255.97,0.0
105,68,53.79,-161.58,-0.0
115,136,78.37,-181.04,0.0
115,340,25.27,-266.16,0.0
115,238,49.55,-231.01,0.0
115,204,58.78,-216.35,0.0
115,272,40.77,-244.26,0.0
115,68,102.64,-119.35,0.0
115,102,89.34,-155.16,0.0
110,272,10.7,-258.38,0.0
100,238,-24.26,-250.41,-0.0
120,68,118.58,-76.79,0.0
120,34,127.11,-38.65,0.0
110,34,99.94,-107.08,0.0
115,34,117.33,-78.57,-0.0
120,170,94.89,-168.6,0.0
120,102,110.7,-112.68,0.0
120,136,103.02,-144.26,-0.0
120,238,79.55,-201.57,-0.0
115,0,132.11,-36.78,-0.0
120,204,87.03,-186.89,-0.0
120,306,64.7,-226.99,0.0
125,34,127.08,5.55,0.0
100,272,-28.9,-260.43,0.0
120,340,57.22,-238.48,-0.0
120,0,135.86,-0.12,-0.0
125,68,122.49,-25.6,0.0
125,170,109.67,-110.41,-0.0
125,272,92.0,-171.27,0.0
120,272,72.14,-214.72,0.0
125,204,104.49,-133.62,0.0
125,136,114.01,-83.75,-0.0
130,34,113.12,45.37,-0.0
135,0,95.98,95.96,0.0
125,102,118.17,-55.4,-0.0
125,0,132.09,36.58,-0.0
130,68,107.0,23.43,0.0
125,238,98.51,-153.69,0.0
135,34,83.63,83.61,-0.0
125,340,78.36,-199.41,0.0
135,68,71.33,71.3,-0.0
130,170,88.6,-38.05,0.0
130,204,82.22,-56.7,-0.0
125,306,85.15,-186.67,-0.0
130,102,100.96,2.03,-0.0
130,0,119.39,67.21,-0.0
135,170,36.09,36.05,0.0
130,136,94.83,-18.4,0.0
135,102,59.18,59.15,0.0
140,340,-118.93,53.76,-0.0
145,34,5.58,127.08,-0.0
140,68,23.46,107.0,0.0
145,68,-25.56,122.49,0.0
130,340,53.77,-118.98,0.0
140,170,-38.0,88.58,0.0
140,34,45.38,113.12,0.0
145,170,-110.36,109.69,-0.0
145,0,36.59,132.08,-0.0
145,102,-55.36,118.2,-0.0
135,136,47.51,47.46,-0.0
140,0,67.22,119.38,0.0
140,102,2.07,100.94,0.0
145,136,-83.69,114.03,-0.0
145,204,-133.59,104.51,0.0
140,204,-56.64,82.2,-0.0
140,136,-18.36,94.82,0.0
130,272,68.35,-89.8,0.0
135,340,-18.98,-19.05,0.0
130,238,75.51,-73.98,-0.0
130,306,61.07,-104.77,0.0
150,68,-76.78,118.6,-0.0
150,102,-112.65,110.73,-0.0
145,272,-171.24,92.0,-0.0
145,340,-199.39,78.36,-0.0
150,136,-144.23,103.05,-0.0
150,204,-186.88,87.06,0.0
155,0,-36.78,132.11,-0.0
150,170,-168.58,94.92,-0.0
155,34,-78.57,117.35,-0.0
150,306,-226.96,64.76,-0.0
150,340,-238.46,57.26,-0.0
135,204,24.83,24.77,0.0
155,68,-119.35,102.66,0.0
155,102,-155.13,89.38,-0.0
150,34,-38.64,127.13,0.0
140,272,-89.73,68.33,-0.0
155,238,-231.01,49.59,-0.0
155,136,-181.03,78.4,-0.0
145,306,-186.65,85.15,-0.0
150,272,-214.72,72.17,-0.0
155,204,-216.36,58.79,0.0
155,170,-200.1,68.4,0.0
135,238,13.68,13.63,0.0
155,272,-244.25,40.8,0.0
135,306,-8.24,-8.29,-0.0
155,340,-266.16,25.28,0.0
135,272,2.66,2.61,-0.0
140,238,-73.9,75.48,0.0
155,306,-255.96,32.63,0.0
160,0,-67.4,119.43,-0.0
150,0,-0.1,135.86,0.0
140,306,-104.7,61.05,0.0
160,34,-107.1,99.95,0.0
150,238,-201.55,79.59,0.0
160,102,-178.97,62.33,-0.0
145,238,-153.67,98.53,0.0
160,170,-220.67,36.46,0.0
160,68,-146.05,80.03,-0.0
160,136,-202.28,48.31,-0.0
160,272,-258.4,10.73,-0.0
160,204,-235.51,26.54,-0.0
160,340,-277.28,-2.62,-0.0
160,238,-247.74,18.17,0.0
165,68,-161.58,53.81,-0.0
165,102,-189.1,34.45,0.0
165,204,-239.43,-2.93,-0.0
165,136,-210.2,18.74,-0.0
165,34,-129.16,75.13,0.0
160,306,-268.14,3.86,0.0
170,34,-144.6,49.38,-0.0
165,170,-226.19,6.81,0.0
165,272,-262.0,-18.86,0.0
170,102,-190.69,15.01,-0.0
170,136,-210.01,0.47,0.0
165,238,-251.22,-11.42,0.0
170,170,-225.69,-10.58,0.0
165,306,-271.86,-25.15,0.0
165,0,-95.97,96.16,-0.0
165,340,-280.83,-30.17,0.0
170,68,-168.63,31.71,0.0
175,136,-205.31,-3.7,-0.0
175,34,-151.37,26.19,-0.0
175,68,-169.9,15.76,-0.0
180,136,-202.55,-0.0,-0.0
175,102,-187.77,5.6,0.0
180,68,-169.61,-0.0,-0.0
180,102,-185.72,-0.0,0.0
180,34,-152.94,0.0,-0.0
170,204,-239.1,-18.46,0.0
175,170,-223.16,-11.2,0.0
170,0,-119.26,67.54,-0.0
170,340,-278.96,-35.68,0.0
175,238,-248.71,-18.81,-0.0
175,306,-267.44,-22.68,0.0
180,306,-266.85,-0.03,-0.0
180,170,-220.84,-0.01,0.0
180,204,-237.11,-0.0,-0.0
175,272,-258.43,-20.87,-0.0
180,340,-275.58,-0.04,0.0
180,272,-257.62,-0.01,-0.0
175,340,-276.11,-24.35,0.0
180,238,-248.32,-0.01,0.0
175,204,-237.27,-15.96,-0.0
175,0,-131.93,36.9,0.0
180,0,-135.72,0.02,-0.0
170,306,-269.77,-32.65,0.0
170,272,-260.38,-28.9,0.0
170,238,-250.38,-24.25,-0.0
