Beta,0,34,68,102,136,170,204,238,272,306,340
-180,2.69,3.48,4.01,4.36,4.43,4.37,4.25,4.09,3.86,3.59,3.35
-175,2.54,3.35,3.9,4.26,4.43,4.42,4.3,4.11,3.85,3.54,3.27
-170,2.34,3.19,3.81,4.23,4.42,4.47,4.37,4.12,3.8,3.43,3.05
-165,2.27,3.19,3.85,4.27,4.43,4.43,4.29,4.04,3.58,2.82,1.88
-160,2.02,2.95,3.56,3.93,4.06,4.02,3.81,3.28,2.31,1.1,-0.1
-155,1.21,2.02,2.52,2.84,2.94,2.9,2.5,1.52,0.25,-1.09,-2.36
-150,-0.11,0.47,0.85,1.1,1.19,1.1,0.47,-0.74,-2.12,-3.48,-4.72
-145,-1.41,-1.06,-0.84,-0.7,-0.69,-0.87,-1.67,-2.93,-4.35,-5.75,-6.88
-140,-2.21,-2.04,-2.03,-2.09,-2.22,-2.54,-3.43,-4.78,-6.3,-7.57,-8.01
-135,-2.45,-2.42,-2.67,-3.0,-3.32,-3.77,-4.83,-6.33,-7.69,-8.19,-8.14
-130,-2.49,-2.62,-3.12,-3.61,-4.06,-4.7,-5.99,-7.38,-7.92,-7.88,-7.64
-125,-2.68,-3.03,-3.71,-4.35,-4.86,-5.8,-7.06,-7.6,-7.53,-7.27,-6.92
-120,-2.82,-3.44,-4.33,-5.05,-5.81,-6.94,-7.44,-7.29,-6.98,-6.6,-6.14
-115,-2.66,-3.56,-4.67,-5.55,-6.64,-7.27,-7.07,-6.67,-6.22,-5.72,-5.13
-110,-2.47,-3.56,-4.79,-5.89,-6.91,-6.78,-6.27,-5.71,-5.12,-4.48,-3.78
-105,-2.38,-3.61,-4.91,-6.18,-6.5,-5.92,-5.21,-4.48,-3.74,-2.98,-2.27
-100,-2.13,-3.47,-4.93,-6.1,-5.75,-4.89,-3.97,-3.08,-2.2,-1.4,-0.69
-95,-1.32,-2.71,-4.35,-5.33,-4.69,-3.62,-2.52,-1.46,-0.5,0.33,1.09
-90,0.0,-1.42,-3.17,-4.09,-3.32,-2.15,-0.92,0.28,1.33,2.21,2.97
-85,1.31,-0.16,-1.88,-2.73,-1.85,-0.57,0.79,2.09,3.17,4.06,4.81
-80,2.13,0.7,-0.81,-1.49,-0.48,0.96,2.48,3.82,4.9,5.8,6.57
-75,2.38,1.12,-0.09,-0.51,0.7,2.33,3.97,5.33,6.47,7.44,8.24
-70,2.45,1.44,0.53,0.43,1.83,3.59,5.27,6.67,7.86,8.88,9.72
-65,2.67,1.93,1.32,1.63,3.15,4.92,6.6,8.01,9.2,10.17,10.85
-60,2.82,2.4,2.16,2.95,4.64,6.44,8.0,9.36,10.45,11.18,11.52
-55,2.69,2.64,2.84,4.05,5.94,7.79,9.3,10.52,11.35,11.73,11.88
-50,2.49,2.69,3.31,4.9,6.92,8.78,10.25,11.25,11.75,11.97,12.04
-45,2.44,2.77,3.69,5.51,7.58,9.41,10.77,11.52,11.88,12.03,12.07
-40,2.2,2.65,3.84,5.81,7.9,9.75,11.0,11.59,11.85,11.96,11.99
-35,1.41,2.04,3.51,5.59,7.78,9.79,11.01,11.56,11.78,11.85,11.88
-30,0.11,1.08,2.84,5.11,7.47,9.65,10.93,11.48,11.69,11.76,11.73
-25,-1.2,0.13,2.15,4.58,7.11,9.44,10.77,11.34,11.55,11.6,11.56
-20,-2.01,-0.56,1.54,4.04,6.68,9.15,10.53,11.12,11.37,11.43,11.39
-15,-2.28,-0.87,1.14,3.53,6.15,8.74,10.27,10.96,11.24,11.33,11.3
-10,-2.34,-1.04,0.86,3.12,5.63,8.39,10.18,10.89,11.2,11.28,11.25
-5,-2.54,-1.3,0.57,2.85,5.41,8.26,10.14,10.84,11.1,11.18,11.16
0,-2.69,-1.42,0.49,2.8,5.37,8.23,10.14,10.79,11.05,11.13,11.11
5,-2.54,-1.3,0.58,2.85,5.41,8.27,10.14,10.84,11.1,11.18,11.16
10,-2.34,-1.04,0.86,3.12,5.63,8.39,10.18,10.89,11.2,11.28,11.25
15,-2.29,-0.88,1.13,3.52,6.14,8.73,10.27,10.95,11.24,11.33,11.3
20,-2.02,-0.56,1.53,4.03,6.68,9.15,10.53,11.11,11.36,11.43,11.39
25,-1.21,0.13,2.15,4.58,7.11,9.44,10.77,11.34,11.55,11.6,11.56
30,0.1,1.07,2.84,5.1,7.47,9.66,10.93,11.48,11.69,11.76,11.73
35,1.41,2.04,3.51,5.59,7.78,9.79,11.02,11.56,11.78,11.85,11.88
40,2.21,2.65,3.84,5.81,7.9,9.75,11.0,11.59,11.85,11.96,11.99
45,2.44,2.77,3.69,5.51,7.58,9.41,10.77,11.52,11.88,12.03,12.07
50,2.5,2.7,3.31,4.9,6.92,8.78,10.25,11.25,11.75,11.97,12.04
55,2.68,2.64,2.84,4.05,5.94,7.79,9.31,10.52,11.35,11.74,11.89
60,2.82,2.4,2.17,2.95,4.65,6.44,8.01,9.36,10.45,11.19,11.53
65,2.67,1.93,1.32,1.64,3.16,4.93,6.61,8.02,9.21,10.18,10.86
70,2.47,1.45,0.53,0.43,1.83,3.59,5.27,6.67,7.87,8.88,9.72
75,2.38,1.12,-0.09,-0.51,0.7,2.33,3.97,5.33,6.48,7.44,8.25
80,2.14,0.71,-0.81,-1.49,-0.47,0.96,2.48,3.82,4.91,5.82,6.58
85,1.31,-0.16,-1.88,-2.73,-1.85,-0.57,0.79,2.1,3.18,4.06,4.82
90,0.0,-1.43,-3.17,-4.1,-3.32,-2.15,-0.92,0.28,1.33,2.22,2.98
95,-1.32,-2.7,-4.34,-5.33,-4.68,-3.62,-2.52,-1.46,-0.5,0.34,1.1
100,-2.12,-3.47,-4.92,-6.09,-5.75,-4.88,-3.97,-3.07,-2.19,-1.39,-0.68
105,-2.38,-3.61,-4.92,-6.19,-6.5,-5.92,-5.21,-4.48,-3.74,-2.98,-2.27
110,-2.45,-3.56,-4.78,-5.87,-6.9,-6.77,-6.26,-5.7,-5.12,-4.47,-3.78
115,-2.67,-3.57,-4.68,-5.56,-6.64,-7.27,-7.07,-6.67,-6.22,-5.72,-5.13
120,-2.82,-3.44,-4.34,-5.06,-5.82,-6.95,-7.44,-7.29,-6.98,-6.6,-6.14
125,-2.69,-3.04,-3.72,-4.36,-4.87,-5.8,-7.07,-7.6,-7.53,-7.27,-6.92
130,-2.51,-2.64,-3.14,-3.63,-4.08,-4.71,-5.99,-7.38,-7.92,-7.88,-7.64
135,-2.45,-2.41,-2.67,-3.0,-3.32,-3.77,-4.83,-6.31,-7.68,-8.17,-8.13
140,-2.21,-2.04,-2.03,-2.1,-2.24,-2.56,-3.43,-4.78,-6.29,-7.56,-8.0
145,-1.41,-1.06,-0.84,-0.69,-0.68,-0.87,-1.67,-2.94,-4.35,-5.75,-6.88
150,-0.11,0.46,0.85,1.1,1.19,1.1,0.46,-0.74,-2.12,-3.48,-4.72
155,1.2,2.01,2.51,2.82,2.92,2.88,2.48,1.51,0.23,-1.11,-2.38
160,2.02,2.95,3.56,3.93,4.06,4.02,3.81,3.27,2.31,1.1,-0.1
165,2.28,3.19,3.85,4.28,4.43,4.43,4.3,4.04,3.58,2.82,1.88
170,2.34,3.19,3.81,4.23,4.42,4.47,4.37,4.12,3.8,3.43,3.04
175,2.55,3.35,3.91,4.27,4.44,4.43,4.31,4.11,3.85,3.54,3.27
180,2.69,3.48,4.0,4.36,4.44,4.37,4.26,4.09,3.87,3.6,3.35
