Theta_Elec_deg,0.0,25.0,50.0,100.0,200.0,400.0
0.0,0.0,-10.471249960069631,-21.29139959591783,-48.87980469393291,-97.24737421838745,-135.78477951065568
8.0,0.0,-10.468675701055886,-21.025096336020503,-47.076558941910584,-95.44337988095128,-130.8570025893951
16.0,0.0,-10.457211822626608,-20.957553896518366,-43.71974146574925,-90.26717959786409,-121.27164603294504
24.000000000000004,0.0,-10.436430599851656,-20.91473997009452,-41.91688277934823,-81.12803025884791,-109.22117832298241
32.0,0.0,-10.404040322029376,-20.856033427882384,-41.7535827134077,-77.94236770750996,-104.62973111941471
40.0,0.0,-10.3710610711082,-20.792644638435014,-41.07886858346463,-68.37773576481395,-93.05405296655232
48.00000000000001,0.0,-10.342115293346945,-20.7081954088424,-36.33062006429693,-55.34742783373196,-78.6432995490864
56.0,0.0,-10.314468612129904,-20.403405215367737,-29.92053393509139,-42.594361044003136,-65.08862783378707
64.0,0.0,-10.287467183156057,-19.34740327693092,-23.248158291443183,-29.86473607012164,-52.02071807649316
72.0,0.0,-10.259407903373583,-17.370783299401168,-17.178980237367824,-18.38737300629969,-38.9973067774785
80.0,0.0,-10.230515915092864,-15.192114024773607,-12.267717470587192,-9.188089982306808,-26.449248860647813
88.0,0.0,-10.205538346027032,-13.73987017162172,-9.709164739077808,-4.865951923701463,-19.66505904799427
96.00000000000001,0.0,-10.18057265922264,-12.814470205521944,-9.158650692143928,-5.241100197963045,-19.921533733579977
104.0,0.0,-10.166028952625384,-12.785386270479032,-10.998447145605825,-9.406145031779712,-26.730175174725847
112.0,0.0,-10.172566411811951,-13.49881134399112,-14.484706860819625,-16.769833570712706,-36.57452405961643
119.99999999999999,0.0,-10.213597007674407,-14.907143357686959,-19.560445313318496,-27.541494957290976,-47.516953337499785
128.0,0.0,-10.266923213149576,-16.456577401799752,-25.101706328476958,-39.85630168211263,-60.973529715751965
136.0,0.0,-10.327389105370953,-18.082703237439567,-30.888080502615168,-52.56399154973043,-78.64669500689831
144.0,0.0,-10.380429612283711,-19.633228540375345,-36.51990064432192,-64.86035287185551,-98.04801743655241
152.0,0.0,-10.417762818477312,-20.783471390484234,-41.113482783430065,-75.93102302313208,-114.41563239345857
160.0,0.0,-10.44506635580376,-21.56068010844512,-45.06111970318838,-85.52794541807592,-127.18799231850672
168.0,0.0,-10.46171402149047,-21.776060920805712,-47.82364591911263,-92.88422670326648,-134.581973315134
176.0,0.0,-10.470438450165624,-21.485972812096424,-49.00378177196405,-96.85680427486793,-136.488180828374
184.0,0.0,-10.471205545035568,-21.126383865328616,-48.25199042100342,-96.73531351402583,-133.91444826437063
192.00000000000003,0.0,-10.463566178551472,-20.980998231228064,-45.46182489408984,-93.3417702228372,-126.53728977803183
200.0,0.0,-10.448359652621193,-20.937282870953137,-42.31365805179317,-86.13890430039784,-115.32983843040384
208.0,0.0,-10.421369847264303,-20.88804720270364,-41.84208819708013,-78.2303215876216,-105.09904083934175
216.0,0.0,-10.387441392833903,-20.825742986303688,-41.65816211219801,-74.62797125852039,-100.06452796441832
224.0,0.0,-10.356848126864,-20.757621769488864,-39.066689821447234,-61.79222752927428,-85.78444790924857
232.00000000000003,0.0,-10.328430119398016,-20.61953039379186,-33.23605125791394,-49.047997500932794,-71.79459656159776
239.99999999999997,0.0,-10.300732183468153,-19.98427630353248,-26.540011794897946,-36.12622599231909,-58.5164754904043
248.0,0.0,-10.274188080404016,-18.45656607972305,-20.112216113096895,-23.89424682170937,-45.541547251143825
256.0,0.0,-10.244712385772264,-16.207857649621513,-14.493716871413039,-13.371777183171353,-32.38962276744909
264.0,0.0,-10.21796247387532,-14.389752176709935,-10.671268413725528,-6.299886709492966,-22.129366256310544
272.0,0.0,-10.193113195657112,-13.204665694417384,-9.203600632505161,-4.56913790093612,-18.966379708675472
280.0,0.0,-10.170775369037568,-12.667264919321816,-9.763915162258655,-6.8639699546949,-22.572162723559774
288.0,0.0,-10.165172875686912,-13.058972785185688,-12.579584466058632,-12.665702419176215,-31.57034501394151
296.0,0.0,-10.19031271751449,-14.13890152412096,-16.84993163542288,-21.794582510713433,-41.84249420569973
304.0,0.0,-10.239839359167688,-15.695627268220575,-22.350611675166384,-33.64393432709369,-53.806638067328265
312.0,0.0,-10.296790356717919,-17.237233036806632,-27.911747918439055,-46.17014205032944,-69.22165757527897
320.0,0.0,-10.355632781699041,-18.908379774854158,-33.84963039114458,-58.87656058772116,-88.63216875999929
328.0,0.0,-10.400809713415088,-20.255797152202135,-38.886861211529066,-70.52354932037366,-106.61713684716928
336.0,0.0,-10.432250710524528,-21.226171388098894,-43.20922600373052,-80.98579994260288,-121.30246563577872
344.0,0.0,-10.453728158049199,-21.743897737700657,-46.60591520696751,-89.509200050478,-131.70464495709743
352.0,0.0,-10.466497859086816,-21.67041717985612,-48.653563953682074,-95.46248635666824,-136.11697906167834
360.0,0.0,-10.471147448190608,-21.29108865818891,-48.879182199014,-97.23976785660368,-135.7575863791851
