Current_A,Theta_Elec_deg,Theta_Mech_deg,Theta_Elec_rad,Lambda_a,Lambda_b,Lambda_c
200,0.0,0.0,0.0,0.11017071183170273,-0.0272215432312066,-0.027241655909913863
200,8.0,2.0,0.13962634015954636,0.112253011874034,-0.03956980562652945,-0.016464426012274224
200,16.0,4.0,0.2792526803190927,0.11785959009465696,-0.05227665400370811,-0.009157447240717848
200,24.000000000000004,6.000000000000001,0.4188790204786391,0.12575444742857353,-0.06456091915291007,-0.004999883857279595
200,32.0,8.0,0.5585053606381855,0.1358205115543524,-0.07560407923782905,-0.004626906409028502
200,40.0,10.0,0.6981317007977318,0.14806947096888248,-0.08516050905768216,-0.008935791643435591
200,48.00000000000001,12.000000000000002,0.8377580409572782,0.16222888647417072,-0.09245333745639432,-0.0180945242272416
200,56.0,14.0,0.9773843811168246,0.17550310574243408,-0.0964098961356188,-0.029539944001465063
200,64.0,16.0,1.117010721276371,0.18638266106732487,-0.0962674293397032,-0.04222356132280017
200,72.0,18.0,1.2566370614359172,0.1960751951201073,-0.09286967928014345,-0.054901209770636235
200,80.0,20.0,1.3962634015954636,0.20347833920670297,-0.0857419205203312,-0.06796204382424713
200,88.0,22.0,1.53588974175501,0.20554300655858895,-0.07778668804030237,-0.07747814471954619
200,96.00000000000001,24.000000000000004,1.6755160819145565,0.20522257325203985,-0.07425121483334897,-0.08074114956903455
200,104.0,26.0,1.8151424220741028,0.20028004343150488,-0.06139626182312258,-0.08980135879055272
200,112.0,28.0,1.9547687622336491,0.19137728648786265,-0.04865175881662629,-0.09494639644691256
200,119.99999999999999,29.999999999999996,2.0943951023931953,0.18115344801888952,-0.03580582845314206,-0.09677035359354832
200,128.0,32.0,2.234021442552742,0.16924514706595015,-0.023621767943203257,-0.09501982830117615
200,136.0,34.0,2.3736477827122884,0.15505105829911936,-0.013128041250790055,-0.08913103264986191
200,144.0,36.0,2.5132741228718345,0.14164014267543423,-0.006076162889783115,-0.08063397368730016
200,152.0,38.0,2.652900463031381,0.13055958641055423,-0.00434344550711043,-0.07021763193541969
200,160.0,40.0,2.792526803190927,0.12153335436430464,-0.006625912550862552,-0.058601543866299705
200,168.0,42.0,2.9321531433504737,0.11472545486578352,-0.012384332514582784,-0.04590001172230884
200,176.0,44.0,3.07177948351002,0.11069533986205128,-0.0214714340332128,-0.03335813056828027
200,184.0,46.0,3.2114058236695664,0.11069022757234512,-0.03334141382593972,-0.021487956233159505
200,192.00000000000003,48.00000000000001,3.351032163829113,0.11473062394986272,-0.04588646037098976,-0.012393859557873248
200,200.0,50.0,3.490658503988659,0.1215206962004476,-0.05859096425020717,-0.006625092137432812
200,208.0,52.0,3.6302848441482056,0.13053270853487295,-0.07020484179197337,-0.004332555535314855
200,216.0,54.0,3.7699111843077517,0.1416404308364824,-0.08064687411863176,-0.006063354250610794
200,224.0,56.0,3.9095375244672983,0.15502069890082593,-0.08911502038236688,-0.013109790222103984
200,232.00000000000003,58.00000000000001,4.049163864626845,0.1692087371136476,-0.09500906785606009,-0.02360025478909115
200,239.99999999999997,59.99999999999999,4.1887902047863905,0.18113692128649567,-0.09678140472277529,-0.035783683172963925
200,248.0,62.0,4.328416544945937,0.19133811515433136,-0.09496636669563048,-0.04860926258311923
200,256.0,64.0,4.468042885105484,0.20026733523713952,-0.08982392211369952,-0.06137246040036828
200,264.0,66.0,4.60766922526503,0.20519235315700415,-0.0807507218667976,-0.07422588550913473
200,272.0,68.0,4.747295565424577,0.20553869031586647,-0.0774777743676706,-0.07778326650118214
200,280.0,70.0,4.886921905584122,0.20347615159868593,-0.0679770447116263,-0.08573133917032975
200,288.0,72.0,5.026548245743669,0.19606872714264031,-0.05491456860294514,-0.09285621060798888
200,296.0,74.0,5.1661745859032155,0.18637485791916472,-0.04224680176874391,-0.09624059514036168
200,304.0,76.0,5.305800926062762,0.1754975582192068,-0.029558599164944504,-0.09638318706495616
200,312.0,78.0,5.445427266222308,0.16223167681330272,-0.0181201447604326,-0.09243646708086768
200,320.0,80.0,5.585053606381854,0.14808531989542537,-0.008954905289648712,-0.08516449231024951
200,328.0,82.0,5.724679946541401,0.1358241911043407,-0.004638049499408284,-0.07560436597431057
200,336.0,84.0,5.8643062867009474,0.12576255321629767,-0.005003962830092643,-0.0645642754982353
200,344.0,86.0,6.003932626860494,0.11786065618335248,-0.0091361193147602,-0.05231099382561463
200,352.0,88.0,6.14355896702004,0.11226255072964136,-0.01645187760976564,-0.03958740799504167
200,360.0,90.0,6.283185307179586,0.1101651684352624,-0.027217603713588664,-0.02724518594689823
