Theta_Elec_deg,0,25,50,100,200,400
0.0,0.0,28.259867881368688,44.98577446739779,68.92658652998516,110.17071183170272,172.6263943898424
8.0,0.0,28.270958417582616,45.28173091656232,69.8849165996077,112.253011874034,174.58096209352408
16.0,0.0,28.32674658226361,46.51018380764351,72.96994198439216,117.85959009465697,181.29934680812624
24.000000000000004,0.0,28.390850928548566,48.22096336345989,77.21755354420328,125.75444742857353,192.24422387367267
32.0,0.0,28.44997228006388,50.2834081826689,82.25621744366488,135.8205115543524,205.36000505814488
40.0,0.0,28.49832359659346,52.441208828423015,88.28527576841263,148.06947096888248,220.36756807727485
48.00000000000001,0.0,28.546954366755816,54.7379668840563,95.26562635138585,162.2288864741707,235.8112198453083
56.0,0.0,28.58660150892637,56.375605505744595,101.74884636532903,175.5031057424341,248.42022600978274
64.0,0.0,28.61577675740258,57.147911375726835,107.03662648744064,186.38266106732488,257.5129833622866
72.0,0.0,28.638943044125305,57.36459605088973,111.50577376994528,196.07519512010728,263.5675393913487
80.0,0.0,28.653449170550832,57.414104915199744,114.2250664239492,203.47833920670297,267.2566415583437
88.0,0.0,28.662360310656464,57.43515159215448,114.49685435390624,205.54300655858896,268.50818572715275
96.00000000000001,0.0,28.659830690465807,57.42930953070212,114.46719213581905,205.22257325203987,268.2097183328779
104.0,0.0,28.646234368291065,57.393907198515485,113.21101655294832,200.28004343150488,265.70516094511925
112.0,0.0,28.628348536242264,57.30224774318153,109.39582224657744,191.37728648786265,260.89310490451965
119.99999999999999,0.0,28.600856360593568,56.84923419667397,104.51144117985264,181.15344801888952,253.36740230081523
128.0,0.0,28.567737270619126,55.68832028364832,98.68719690463857,169.24514706595014,242.56766984466842
136.0,0.0,28.521903698765296,53.5981173592702,91.71474531478847,155.05105829911935,228.28952263381063
144.0,0.0,28.4745170152104,51.353136085958994,85.12468765350407,141.64014267543422,212.61829054934296
152.0,0.0,28.423766604895953,49.24377409319465,79.66220071054079,130.55958641055423,198.59184842270446
160.0,0.0,28.358556230809686,47.31747868557641,74.99388593144883,121.53335436430464,186.41690486169767
168.0,0.0,28.29332718966654,45.78570394343031,71.19145595184969,114.72545486578352,177.28733677243656
176.0,0.0,28.260080431363257,45.03462486114172,69.14332197233743,110.69533986205128,173.08644302214176
184.0,0.0,28.260128479716666,45.03351014180229,69.14056434292002,110.69022757234512,173.08370029384736
192.00000000000003,0.0,28.295055922431754,45.787685260289756,71.19438876709138,114.73062394986272,177.2957375499591
200.0,0.0,28.358470498081246,47.31301244957552,74.98914564340166,121.5206962004476,186.40352770610463
208.0,0.0,28.42140988611207,49.233180031291,79.64789325039784,130.53270853487294,198.56796432588953
216.0,0.0,28.473735325614648,51.34637931286168,85.11370730237616,141.6404308364824,212.60790207764006
224.0,0.0,28.52098602088336,53.58655499784254,91.69864646724623,155.02069890082592,228.2758391412996
232.00000000000003,0.0,28.567100516799663,55.678658457220344,98.67185797218193,169.2087371136476,242.54829804541302
239.99999999999997,0.0,28.601009244107647,56.84559237442544,104.50184192062665,181.13692128649566,253.33313688164728
248.0,0.0,28.626737435942072,57.29795180154261,109.37744363196073,191.33811515433135,260.85416375565745
256.0,0.0,28.646516369903086,57.39435491590903,113.20663877509936,200.26733523713952,265.6749341945675
264.0,0.0,28.658095329789703,57.42581532517971,114.4589376815308,205.19235315700416,268.17831600554797
272.0,0.0,28.661747554536657,57.433952905974266,114.4945006698908,205.53869031586646,268.4868188461892
280.0,0.0,28.652855815866104,57.41298885849232,114.22482115598511,203.47615159868593,267.2430530069971
288.0,0.0,28.636781227484217,57.36053094394587,111.50125975557287,196.0687271426403,263.5576521871356
296.0,0.0,28.614296086399374,57.14685987249275,107.03469544103655,186.37485791916473,257.492623904466
304.0,0.0,28.58473806800576,56.37613154129337,101.74427489153575,175.49755821920678,248.38637779203296
312.0,0.0,28.545742333788287,54.742005090105145,95.26263200001921,162.23167681330273,235.78866401648608
320.0,0.0,28.49887201546468,52.4510227377873,88.29920156518736,148.08531989542536,220.37491120956406
328.0,0.0,28.449216447164865,50.28531972325776,82.25862101716055,135.8241911043407,205.36065474239368
336.0,0.0,28.391795124252432,48.22626874874864,77.22368779634155,125.76255321629768,192.24754545918577
344.0,0.0,28.32751539280552,46.51729801029469,72.97679781509285,117.86065618335248,181.30205190831953
352.0,0.0,28.271949813194066,45.286251412899446,69.89161310930548,112.26255072964136,174.57833519327048
360.0,0.0,28.259583568365574,44.985979914794996,68.92461604186666,110.1651684352624,172.6108554901932
