Current_A,Laa_Center_uH,Laa_Amplitude_uH,Lab_Center_uH,Lab_Amplitude_uH,Lac_Center_uH,Lac_Amplitude_uH,Lba_Center_uH,Lba_Amplitude_uH,Lbb_Center_uH,Lbb_Amplitude_uH,Lbc_Center_uH,Lbc_Amplitude_uH,Lca_Center_uH,Lca_Amplitude_uH,Lcb_Center_uH,Lcb_Amplitude_uH,Lcc_Center_uH,Lcc_Amplitude_uH
1,1135.9943365317765,6.946204829903195,-407.97895211391653,7.3118611121709876,-407.9381778145186,7.322281976406913,-407.97888011802075,7.3118992266281,1135.8471354071496,6.957081300389973,-411.84323645785497,7.313551325111092,-407.93811321846664,7.322254123117261,-411.8432396303659,7.313570622459167,1135.8353399017005,6.959204032331627
5,1137.6557463077381,5.355851981712021,-408.7381042682612,6.06634850977531,-408.69710724958384,6.087489386052425,-408.73736952493334,6.066972506992187,1137.5125435520772,5.3607456899219414,-412.61319453164595,6.0748739434391155,-408.69635716172087,6.09011857579614,-412.61327671417837,6.072245864665433,1137.5004530484987,5.3630654592958535
10,1139.32515932763,4.35596990730437,-409.44239317951093,5.011554920591834,-409.40117861410687,5.036504625705646,-409.442288645244,5.014951683171034,1139.1829447238683,4.357955319421535,-413.329798656363,5.02310071454778,-409.4010901036032,5.039714758520233,-413.32983481728326,5.020896132091508,1139.1707289126477,4.3609239200309275
20,1140.9480981014997,4.837232305845646,-410.02022391854547,4.633720774199418,-409.9788778323412,4.656592542365587,-410.02122072822897,4.631732547389362,1140.8035751489524,4.839451970594041,-413.9207761900147,4.651152546422594,-409.97982447341474,4.6593204060697815,-413.92075389198504,4.650387462984185,1140.7914440314892,4.843089157205782
30,1133.1522067227604,22.599351258526326,-406.1539220192642,14.09768260333081,-406.1137917768066,14.110443471541998,-406.17991985118283,14.077491027200665,1132.9287322554183,22.67683073752653,-409.99314022177657,14.303143577670255,-406.1379831901034,14.10104544699226,-409.9938683433754,14.293776174003568,1132.9167838193594,22.685833039377826
50,1051.2859826979482,124.55194221419288,-366.13113296049704,90.30516493187007,-366.0976510940333,90.31868929225824,-366.21884933472114,90.29090353133296,1050.8164657782986,124.74421350095287,-369.4933747473612,90.74056900425154,-366.178869701936,90.27038163211802,-369.495679335813,90.75219779057232,1050.807754019326,124.75985610270857
100,925.0804507022634,227.89126889690436,-307.37375332257704,198.31840311908545,-307.39222990915613,198.3293254910912,-307.55245475355844,198.4244053886209,924.491577318751,228.13232781727487,-310.24194474263624,198.65385736754223,-307.4915285802424,198.4297476863402,-310.28834833936526,198.6525248286777,924.4967763269229,228.13885408397016
150,856.8707676021228,257.89730248890373,-281.9357433878512,235.90935481210533,-281.9483704679236,235.9097186870846,-282.02170288543664,235.84928361032365,856.3714058812965,258.2995366009177,-284.4133481532246,236.11486271851282,-281.9730855210221,235.85016459453465,-284.4485532381521,236.1375879918014,856.3757451737617,258.27415881770776
200,787.8880748540812,238.4054998388882,-262.756395243043,231.33305823163846,-262.7488730954979,231.3351477471588,-262.5885063036297,231.04743653697096,787.7826597948618,239.09672809554434,-264.2943724833192,231.6130346862209,-262.5618365920758,231.03975690640038,-264.30766273492054,231.6540408672107,787.7846228190646,239.04437587340652
250,716.8028847609378,198.57095184515794,-243.0937766366832,208.79749104266267,-243.07730264884165,208.79708819361375,-242.96395154075262,208.55552984720566,716.7414763557136,199.03236148022785,-244.1959578131674,209.01251190650072,-242.95538251261524,208.54270505986548,-244.19957773899588,209.0547022396522,716.7386897143545,198.97854011350915
300,655.7673635552932,165.23610481720092,-225.36277405139307,185.7453438540903,-225.3490262444049,185.73153091638088,-225.2649531647114,185.63942058154316,655.7200793279591,165.51473100835472,-226.22890215089583,185.81729434706324,-225.26094911203646,185.61791542149138,-226.23110601314434,185.8454391505128,655.7123373749115,165.4783868883763
350,605.235632579165,140.03878770640256,-210.4807271370362,164.4201150167565,-210.46838610276674,164.39830864649574,-210.39963444373427,164.38961228577057,605.2010938479547,140.2380653295698,-211.18451995607367,164.43998225083578,-210.3984815025805,164.35852541582545,-211.1858823025229,164.46988203188863,605.1890604893268,140.19649567347403
400,563.1277735391262,119.87335456730739,-198.09766074394201,146.61900150671417,-198.0865983451927,146.6252464401359,-198.02582920877765,146.65154651216665,563.1047857173678,120.0261961791762,-198.67947409239207,146.6832983258583,-198.02693056422177,146.63289098458438,-198.67928700439595,146.68774674753385,563.0913030059744,119.9781972618338
   -198.02582920877765,146.65154651216665,563.1047857173678,120.0261961791762,-198.67947409239207,146.6832983258583,
   -198.02693056422177,146.63289098458438,-198.67928700439595,146.68774674753385,563.0913030059744,119.9781972618338

