,-340.0,-326.1224489795918,-312.2448979591837,-298.36734693877554,-284.48979591836735,-270.61224489795916,-256.734693877551,-242.85714285714286,-228.9795918367347,-215.10204081632654,-201.22448979591837,-187.3469387755102,-173.46938775510205,-159.59183673469389,-145.71428571428572,-131.83673469387756,-117.9591836734694,-104.08163265306123,-90.20408163265307,-76.32653061224494,-62.448979591836746,-48.571428571428555,-34.69387755102042,-20.816326530612287,-6.9387755102040956,6.9387755102040956,20.81632653061223,34.693877551020364,48.571428571428555,62.448979591836746,76.32653061224488,90.20408163265301,104.0816326530612,117.9591836734694,131.83673469387753,145.71428571428567,159.59183673469386,173.46938775510205,187.34693877551013,201.22448979591832,215.1020408163265,228.9795918367347,242.8571428571429,256.73469387755097,270.61224489795916,284.48979591836735,298.3673469387754,312.2448979591836,326.1224489795918,340.0
0.0,-0.030000000000050143,-0.030000000000048738,-0.030000000000047333,-0.030000000000044002,-0.030000000000041965,-0.030000000000041067,-0.03000000000003865,-0.030000000000035425,-0.030000000000035387,-0.030000000000033247,-0.02918367346941919,-0.0251020408163558,-0.021020408163292405,-0.020000000000024932,-0.020000000000022763,-0.020000000000020942,-0.020000000000018732,-0.02000000000001653,-0.020000000000014406,-0.020000000000012192,-0.01836734693878549,-0.014285714285722038,-0.010204081632658606,-0.010000000000003322,-0.010000000000001105,-0.007959183673469383,-0.0038775510204081677,0.00020408163265304814,0.004285714285714281,0.008367346938775513,0.01,0.01,0.010000000000000002,0.009999999999999998,0.01,0.01,0.01,0.008979591836734692,0.0048979591836734926,0.0008163265306122602,0.0,0.0,0.0,0.0,0.0,0.003673469387756312,0.007755102040816732,0.01,0.01,0.01
6.938775510204081,,8.326817901381272,8.326817901381274,8.326817901381276,8.326817901381277,8.461133195328605,8.461133195328607,8.526564622197435,8.682737551003463,8.727487252817376,8.742758926692728,8.82595907330671,8.830040705959771,8.831150218088162,8.852861486104116,8.902746508436584,8.949685283946792,8.979449913100227,8.994097809523486,9.011690123162522,9.031620634997038,9.031397384699037,9.031640886424137,9.039900252375748,9.069828300460733,9.035194498933222,9.041922618653958,9.043945435153368,9.023169239557436,9.007283405066525,8.962936203862139,8.929472246464181,8.889188654762764,8.825243076531473,8.808464800123362,8.808464800123364,8.502416067859246,8.185667356010212,8.181585723357152,6.868092684650908,5.669954504784375,5.669954504784375,5.669954504784375,5.669954504784375,5.237986352300206,5.196203210551427,5.109286350068094,4.658697070885886,4.615876317190327,
13.877551020408163,,16.62058224539545,16.6836358027626,16.683635802762595,16.75342354911581,16.95226639065725,16.959951401829308,17.14945577500715,17.30678705535973,17.443230204047783,17.49837499624263,17.584089281956917,17.669803567671202,17.710416849759273,17.72689512376646,17.78823746528805,17.823169354301488,17.939674607772687,17.990988950513746,18.05133865272247,18.100502292392957,18.101505022520584,18.10075665006276,18.11962476960552,18.1747198353424,18.10791976995895,18.079302728947184,18.066799185832316,18.007040205195132,17.992222847552313,17.900164665157963,17.775080175363716,17.742201817076644,17.68735721929756,17.57143773834128,17.041889587287056,16.669730094902164,16.175369042771194,14.820267001954878,13.465164961138548,12.268464566745855,11.33990900956875,11.33990900956875,11.000360459702451,10.41770739847796,10.388732951715099,9.945919638911693,9.496577815241158,9.221752634380653,
20.816326530612244,,24.846893776256454,25.04045370414391,25.04045370414391,25.239956752245167,25.443399585985894,25.582842554639022,25.772346927816866,25.908586756642638,26.010538281977748,26.171667436930974,26.29933488983219,26.37397384145353,26.409334458584482,26.4875954876779,26.628282670745907,26.757695222836563,26.911335756092853,27.004538107830395,27.069465466872767,27.177207750735484,27.177894886992235,27.178982396469536,27.229484901382197,27.270098707688977,27.19865881291533,27.125583496799695,27.04248626360834,26.97431299085732,26.938568382093596,26.77756532358866,26.64999698115258,26.36433512689986,26.262725316229332,26.108634700515847,25.157507459548974,24.464915405793846,23.511387074178543,21.838290004430288,20.367703281656173,19.061967689156827,17.777707138727365,16.762734567104694,16.18008150588021,15.59742844465572,15.260103948163454,14.782552927755294,14.33445855959643,13.914050396331126,
27.755102040816325,,33.07320530711747,33.26191349600931,33.474788766300904,33.65536794094146,33.83594711558201,33.972548959856226,34.13710474884478,34.3355157315333,34.45261691574306,34.70945289726966,34.88543144513759,35.061409993005526,35.155637617622766,35.303201584888136,35.4508320386504,35.631309398573535,35.811786758496666,35.94935252725176,36.07020036924174,36.24877262418519,36.25391050901992,36.25649019663791,36.333781446162966,36.36389305209181,36.29298930915511,36.17992706344262,36.0012618348863,35.89612289157542,35.84395489623593,35.559908726685315,35.41102326871395,35.07004216945218,34.4190040360179,34.39100767010298,33.33343374468553,32.50784495101324,31.192854834375744,29.16781353786271,27.62477353561644,26.331303096094633,24.5073451277365,22.611416447133408,21.76424652621524,21.08084015418701,20.284223292988475,19.727232549636383,19.201102520530124,18.7519311406864,
34.69387755102041,,41.169138032964135,41.34187879976639,41.71533646459803,41.969678196209635,42.15025737085019,42.289792186488604,42.55085439786516,42.76244470642395,42.984803067113724,43.24584356322596,43.393097797990045,43.53222634156441,43.80670879840717,44.02325515183516,44.22560179110271,44.386469728338675,44.64414341357618,44.914089157420804,45.03759499075443,45.23843523642367,45.317807795148674,45.32711099339319,45.37421345831312,45.43508592645897,45.36731125712056,45.19171953949896,44.99886571347957,44.8248729664695,44.58921183830518,44.21142985650173,44.03794781588784,43.35966023295049,42.741321045667895,42.49871268823362,41.03806184421563,40.03552802762331,38.67582997040522,36.76906545027249,34.8848990534619,32.870962482785,30.770127151445614,28.90219501568255,27.47409427764438,26.750192903258245,25.574856675915086,25.017865932562998,24.495468776102076,23.995185998246175,
41.63265306122449,,49.248632010557344,49.533627072661204,49.91401721526276,50.223229647296506,50.464567626118374,50.6624386841863,50.96460404688554,51.23246096240053,51.447791684169204,51.66312240593787,51.80495226380029,52.06924495340182,52.356107170972976,52.55629864180622,52.902804430734506,53.160167280873786,53.5069955518689,53.80146457223867,53.91468614952662,54.204989234038834,54.37299045482691,54.36769006920518,54.39786826793636,54.415500109904784,54.357505011793336,54.2132415228486,54.019115051991164,53.78863801967804,53.31359695256522,52.690556796664424,52.578904816767526,51.78069671334811,50.76534777989488,50.19743587958766,48.905552857432085,47.56239014147854,46.021907264818104,44.06087478393509,42.02391718532022,39.560027112848566,37.17760253218289,35.19297358423169,33.5174479941138,32.41954565232949,31.128952275811642,30.308499315489613,29.789835031674023,29.079511869019072,
48.57142857142857,,57.328125988150546,57.72537534555602,58.11269796592748,58.42191039796123,58.72162476017287,58.94136963018907,59.143631276816485,59.520757010851895,59.82336318499997,60.06569205120181,60.27803422782942,60.591604119816864,60.86880491001224,61.106802072586326,61.579139862967935,61.92679911754318,62.2286028342301,62.65084660169307,62.8385381312501,63.07997821255179,63.37488860442071,63.387672053134246,63.38765326906304,63.39436281086854,63.342466863969904,63.22668834358961,63.053345462405154,62.7375777468074,61.684695408585924,61.294287105921775,60.94216300131942,59.6506431091957,58.810718087472985,57.70136985585053,56.35178354180187,54.994761461276575,53.1825705076695,51.28312577010888,49.180732293358155,46.62576860626109,44.238870551043966,41.803046072320754,39.99162102613505,38.21516242672692,36.79830502488289,35.59913269841623,34.96640852896914,34.01685367843757,
55.51020408163265,,65.5025963933527,65.89987599118979,66.24760724107034,66.56120545200903,66.84324065862346,67.07182821487423,67.36516387777067,67.78129399432262,68.08390016847069,68.39404126111309,68.73949828110145,69.07996393318429,69.37436428209156,69.7665929714407,70.19980572997726,70.5842777939389,70.95829383281401,71.31782089216661,71.65410612204796,71.79953063499602,72.16643580932984,72.39430846382743,72.37856581145469,72.37322551183229,72.32742871614647,72.22782179557116,72.08301573977201,71.16528381659327,70.30261239393427,69.57791201933816,68.75212104160758,67.57732400535565,66.42727211708963,65.00966476021885,63.51907090063821,62.193406516607645,60.22468142141314,58.339750966766786,56.28204347192204,53.78258371429904,51.300138569905045,48.76841569523762,46.66776165193088,44.908988424991904,43.25711049878021,41.54985888077159,39.977600196224245,38.95419548785607,
62.44897959183673,,73.50607713063488,73.82743803576392,74.15866293800659,74.62893448844473,74.96485655707406,75.2022867995594,75.61066829464262,76.02637140438421,76.36721116806547,76.68741393645101,77.02662587857374,77.3864423599572,77.80269873709283,78.2616827349911,78.70104165805267,79.1815685253821,79.50281248779073,79.96338476888195,80.38916987513569,80.57057106282663,80.76693588686217,81.13173226296907,81.3693245052948,81.35208821279605,81.31239056832302,81.22573875557715,80.5510837682766,79.57455621173384,78.58831424589523,77.90076707558799,76.53179215605873,75.03281266506865,73.96557889630348,72.33828763804331,70.62978692849121,69.26196179980712,67.31951485451889,65.34560282695705,63.196983378920905,60.771640221398904,58.355699018753775,55.80991399415998,53.34390227772671,51.60281442325687,49.856398142633076,47.874281016730706,46.04611878193849,44.6976499601834,
69.38775510204081,,81.15360859847962,81.75500008033802,82.07636098546705,82.53999018538097,83.01026173581909,83.40412820465146,83.75609088201912,84.1080535593868,84.51492354855124,84.9286724855363,85.29577916138808,85.57987832340407,86.17452457134388,86.71080239678854,87.22441237792887,87.69467042277122,88.00273334879174,88.56130702515287,89.03984755059246,89.25843562239515,89.45060203607585,89.6600059481063,89.89562435390405,90.12315948157881,90.00073015106122,89.47137192123397,88.58127964789631,87.71455994678254,86.80265968933455,86.0193714853693,84.30342885704542,82.49736525461051,81.35475776290541,79.41597936746152,77.8821572155712,76.24056535101997,74.30965490222792,72.3787444534359,70.13566582481424,67.75294112232756,65.35342187155806,62.81984963432981,60.286277397101586,58.162937404494585,56.18082027859219,54.19781355217319,52.195753036274034,50.76616854589764,
76.3265306122449,,88.75039094472126,89.41142136446324,90.00392303004115,90.44358159050789,90.62981773734965,91.29571503767738,91.82546820218721,92.19259733298213,92.58972675573321,92.8832423884298,93.47889094624847,93.84080833853696,94.51368899116858,95.05147868282262,95.51042637986714,96.02062573176133,96.58481723798204,96.95238094683684,97.43594740659242,97.867439550997,98.04818962720056,98.18268829633499,98.20814890441949,98.15902797168245,97.87767708923599,97.32765989912826,96.5731979751445,95.74398044008711,95.08225317472315,93.54949618227498,91.71642937636439,90.21105308115139,88.55259975851257,86.63687479461066,84.8991039125143,83.01178767891778,81.1141559904022,79.15926071491035,76.93959277775495,74.76745852341465,72.34415825014047,69.80375302932855,67.19008035953705,64.67645097710479,62.51008438757582,60.520025016573655,58.517964500674495,56.83468713161189,
83.26530612244898,,96.34717329096287,97.00820371070486,97.30087653834373,97.82462000875914,98.09898948079467,99.06445581777822,99.59420898228804,100.12396214679787,100.47076705228989,100.73446264169294,101.60927565214817,102.17196734529749,102.7667131537965,103.33864820099589,103.64558095546687,104.30229703779716,104.94053243896177,105.33566852823417,105.57908207802606,106.3078847573585,106.54609461866356,106.61314022591164,106.41227807141533,106.16682770375819,105.7649758101455,105.17495122829797,104.46543952704255,103.80328594248206,102.7609908661342,100.71634078424262,99.02200930270831,97.59227109088422,95.56055029215108,93.76475117904121,91.91605060945744,89.69872226705462,87.80379755262064,85.8824669501118,83.50482438372413,81.44259726046016,79.26588249463649,76.65220982484495,74.03853715505343,71.39469972716756,69.17832070329578,67.00623160695872,64.84017596507496,62.90320571732613,
90.20408163265306,,103.63090488325051,103.87911944303545,104.47928406723817,105.2056584270104,105.78787516687605,106.8241643336546,107.22642117319785,107.42575336330633,108.27529997730173,108.79523358280076,109.38417093342831,110.18931702721488,110.75986976425966,111.37634078573238,111.8601972124321,112.21570709462708,113.15184778044652,113.54066511688194,113.83756174187373,114.22127084898526,114.94158414422856,114.93671137122428,114.58995692906372,114.1736304248466,113.65273091218631,113.02337634421463,112.35768107894063,111.66658564294349,109.80781447695603,108.03406595709524,106.46213185177953,104.76288997800687,102.68062199317387,100.58022484223062,98.67799087233402,96.4811790361365,94.35644928995109,92.26781115902709,90.17821118341958,87.98373218088024,85.55484445955535,83.34719294110187,80.88636863996967,78.237628093098,75.84655701901576,73.6713965729087,71.48554782944632,69.23535960023753,
97.14285714285714,,,110.70557690751207,111.6716733573956,112.58669684526168,113.47676085295743,114.02134914203646,114.47214767422979,115.02781805488735,116.07983290231351,116.5118870020851,117.07519567784857,118.06710366108216,118.39303262681199,119.22656503135082,119.8666377604027,120.32892929466173,121.14017352892262,121.62534854582388,121.99077257460061,121.74476354671918,122.61447899503543,122.99260621854725,122.7676357867121,122.18043314593504,121.54048601422714,120.87180146013128,119.93442526308988,118.33858660835209,116.75701002623812,114.92827355192074,113.55251750523527,111.60338663595681,109.2913105289361,107.45130110948571,105.16089947395054,102.77455270473357,100.90910102728151,98.55934210648256,96.50519045499168,94.52486710130033,91.97090247901434,89.60772213706151,87.41506855777837,85.08055645902843,82.51479333473573,80.33656153885869,78.02149758214719,,
104.08163265306122,,,117.53203437198871,118.864062647553,120.03813224618135,120.21446128265868,120.96190754798909,121.7178741752617,122.6298827464684,123.59626930082835,123.85135538006381,124.76622042226882,125.7527580336098,125.93150880626693,127.0052547398941,127.73355758127272,128.35031435076635,128.6774607658136,129.5535905122675,129.72078519415442,129.4744467120213,129.63053165808356,129.833734749857,129.75224474332643,129.48495187212745,128.76686913838483,127.62026826978757,126.05095140926275,124.6452582045692,123.26770595750841,121.770515852571,120.40504828203541,117.90313091779102,116.04340775052778,113.95782900907601,111.57674694568347,108.87861665786437,107.28797816750802,104.850873053938,102.45247462382267,100.71626709865613,98.38696049847334,95.86825133302118,93.66856217805898,91.44889503610491,89.22922789415085,86.80763556405685,84.33545928557498,,
111.0204081632653,,,124.67357860260306,125.77273666758475,126.5456574124458,126.72198644892313,127.90246595394171,129.03733606670113,129.97547668243797,130.77915952906866,131.1908237580425,132.30502855270834,133.16602665843232,133.74448262665368,134.61351535975606,135.26399277420754,135.7395394795771,136.31935635676146,136.33832491740776,137.39083022628574,137.19282614914616,136.46287164413903,136.6435256537667,136.0133638222868,135.46600807785387,134.72438661540448,133.6149700848386,132.16747755543562,131.072851248539,129.80275227992118,128.63335352349463,126.39082282352777,124.32029832776595,122.16563961446283,120.17669379173947,117.83282309968233,115.31625753921396,113.26367275907128,110.9735584676414,108.39975879265366,106.55790817850698,104.45156307533878,102.16096337893768,99.92205579833954,97.51384645962203,94.9836214816929,92.76208571117431,90.64942098900279,,
117.95918367346938,,,131.36126241508902,132.1528397409951,132.9444170669012,133.22951161518762,134.84302435989434,135.97842157224153,136.98023276102663,137.96204975730896,138.76518688323324,139.62618498895722,140.4008298191688,141.07451683414868,141.56835492983674,141.86917346043242,143.08512220125542,143.2701161233527,142.9598541527561,144.09729411694468,144.23558191131445,143.29415408691776,142.97323647573987,142.27448290124718,141.49559991458855,140.66622335009833,139.57798352177173,138.2840037016085,137.26071816782925,136.12427588555371,134.2133774576322,132.3563037904432,130.15540837903202,128.2355483734965,125.88695655746906,123.45670609587252,121.30238436084421,119.07672210656168,116.85481480526296,114.56470051383305,112.39954925835785,110.16269179830923,107.91118532686912,105.67864853312867,103.14842355519954,100.5668185502195,98.04675391967382,96.3238420301474,,
124.89795918367346,,,137.1403787074988,138.33670668068294,139.32452014031153,140.16107095280373,141.2380788446521,142.17918968278315,143.17435731255495,144.12579847454168,145.2368950357058,146.00004485607974,146.86253843079055,147.8488494773582,148.18432484405156,148.59510518060068,149.68977835795073,150.01552395069461,149.71748821363914,150.44511778113588,150.309239428824,150.12543652969651,149.30294729771302,148.49650182791788,147.52519175132326,146.6080600847922,145.55597404849857,144.40052984778137,143.38565768528423,141.66794979389726,139.56552702265182,137.78925696657237,135.88841973472492,133.8371357089743,131.50142242268095,129.00484980110033,126.75162461458949,124.08956994272194,121.98783956326773,119.7750117093658,117.49133957220393,115.27990053813696,112.97921189847875,110.66085015016237,108.78300065077704,106.14120238720946,103.3314221281733,101.60851023864689,,
131.83673469387753,,,142.86580971328445,144.0621376864686,145.25846565965276,146.35765706198845,147.4480026974341,148.38911353556517,149.36848186408324,149.82678409329645,151.34370416586813,152.38136177634735,153.42567417830517,154.43672943022236,154.54071214048832,155.32103690076892,155.61735737092351,156.44103435104233,156.3588552829386,156.00415000493598,155.83870626140086,155.8112153124296,155.54468726676456,154.6065382775848,153.55478358805794,152.5498968194861,151.5124798302949,150.41255548964722,148.66243660412988,146.75589054086683,144.9176765876714,143.10240080139627,141.44392907659977,138.96351554374604,136.64289856661964,134.3949882331233,131.96904198006212,128.9889904304456,127.09059052354125,124.76587208859686,122.21627507810534,120.39710927796465,117.9794586469356,115.42165155367658,113.70632316918505,111.71558622419943,108.89472248377945,106.89317844714637,,
138.77551020408163,,,,149.7875686922543,150.5312767709597,151.84918492986137,153.02002454153296,154.19086415320453,155.09538631443547,155.52776971205125,157.36252821697374,158.4957585863952,159.27935011329853,160.17229866497337,160.8970994369251,160.90415672513979,161.54493638389633,162.25576893143077,162.20000727468766,161.44723259789055,161.26361349413497,160.7264441551185,160.2839715777056,159.77074186269968,158.94876321678902,157.87875710856963,156.56960841375982,155.05123743239054,153.47877891691417,151.79660323176662,149.97635017707955,148.34834690620775,146.5214544427479,144.08989537851787,141.63139444671086,139.53646437706198,136.77256211375902,134.11136286047739,131.99001101126495,129.7109127621211,126.9412105840068,125.14266222697312,122.97970539539247,120.27883513403565,118.46712457269926,116.27797653195867,114.46910632076941,,,
145.71428571428572,,,,155.0257756143866,155.74317580954315,157.28950362036554,158.51155240940585,159.6674585826081,160.79637193319027,161.53970035048363,162.72302043607692,164.12197079637474,164.9090752554763,165.9545772384075,166.8421056281063,166.48727654951063,167.153723327593,167.33610595717712,167.56279529718526,166.88388293558015,166.55424445994385,165.63617796408988,165.0414685655046,164.45742877027624,163.54570199229926,162.43896119020232,161.14093252322073,159.7002604713159,158.31017839545038,156.7662410603982,155.0187433145752,153.43202622054065,151.28828529189406,149.06950176501323,146.61989032680208,144.52443404737124,141.51745884874217,139.2305334354805,136.8894314989886,134.28252873738452,131.88147752472372,129.86759773287457,127.46983302017284,125.2790818824925,123.13288342891599,120.70417613268063,118.95412659694989,,,
152.6530612244898,,,,160.23767465297001,161.1169403896389,162.67916136672181,163.99106104685436,165.14014871355045,166.2892363802465,167.28003847596167,167.79321410649953,169.4348062250785,170.4534142396597,171.05324359792905,171.69628220897667,172.07039637388147,172.24542057846062,172.04335403986846,172.16730832051218,172.1468012307716,171.48762890128796,170.54591177306133,169.7989655533036,169.1310345593988,168.13732225731746,166.99931722927758,165.73022159520235,164.34928351024124,163.02377359001088,161.53283447766407,159.97930441337698,157.97382689684866,155.88880015246545,153.84073042706163,151.60838620689333,149.1333974948961,146.31115759316958,143.89475601359368,141.4722888629732,138.68947904910738,136.66855299332838,134.36540099850885,131.8265916747947,129.86875746182977,127.70461724064432,125.26289792693257,123.38032619767185,,,
159.59183673469386,,,,165.44957369155344,166.5065981359952,167.79878012270726,169.07976628744598,170.292253790842,171.50474129423804,172.35023214638434,173.0171936927353,174.52329871641638,175.26438156775183,175.8642109260212,176.55045878984703,176.80372497223297,176.81921660050142,176.80116549198436,176.3048948411602,176.26398902081053,176.20605590646363,175.4556455820328,174.55646254110258,173.72403372870377,172.6985467471134,171.5605417190735,170.31951066718403,168.9983065491666,167.68293653570043,166.1524635851937,164.33141384289743,162.36740495950534,160.49220507541804,158.41146722544215,156.22121513778737,153.74236094242093,151.10485633759703,148.5589785917068,145.92462687838392,143.20026246919244,141.0755033050512,138.84118710184578,136.26046629730618,134.22551611645164,132.14592001244054,129.8346317386609,127.80652579839376,,,
166.53061224489795,,,,,171.71264719005285,172.629743639698,174.10056827451513,175.3209835778104,176.40168098733244,177.40752842093013,178.29396727058375,179.25323627625505,180.02992258439377,180.59913519138178,180.77693783589115,180.69423836029196,181.3784339188695,180.97324527946458,180.40561015973663,180.3400280896078,180.11914554662079,179.72416732992764,179.27401229674663,178.3170328980087,177.25977123690933,176.12176620886942,174.9087997391657,173.61891768027837,171.99009879504237,170.29248512488186,168.51193330195025,166.7882989843339,164.86022886484693,162.97516357668317,160.46442458847412,158.1596090188438,155.6773969848809,153.0430432922924,150.19778210153328,147.74669131378218,145.47456244692836,143.15219903796142,140.73625240064308,138.57791883706295,136.4477999440306,134.31768105099826,,,,
173.46938775510205,,,,,176.54361070704363,177.50337316444688,179.02941878556555,180.27700703880532,181.28285447240307,182.28870190600077,183.20648752795498,183.7755158223669,184.3241866433556,184.66721292485005,184.8450155693595,184.60357570057442,185.01664321593103,185.1453250669448,184.50632547831307,184.35695679676,183.8856946211641,183.45211368129833,182.96653225871898,182.23268976159846,181.3117296597767,180.24983716374396,178.99258810519075,177.510490767127,176.0005060147493,174.40462141891328,172.66437555546514,171.02971101191565,169.22825265427582,167.13583937946018,164.71427646249333,162.52847715948775,160.04626512552485,157.38590693548306,154.47825220394049,152.1110896762344,149.76586225050818,147.44349884154124,145.12113543257433,142.87979876865305,140.7280257011846,138.51697252426823,,,,
180.40816326530611,,,,,181.3745742240344,182.4322236754973,183.88104335458175,184.7587642295142,185.7469550085442,186.7351457875742,187.25894787760674,187.80761869859543,188.27672644242023,188.666271109081,188.68680492633783,188.51291304085686,188.55018831925088,188.86266670922214,188.60704079688952,188.21862852868605,187.64100037541286,187.18006003266896,186.6092271822718,185.86772937091405,184.93621945569504,184.0143269596623,182.8352034307339,181.40206385397568,180.01091323445624,178.44238804149836,176.81681780897998,175.22977596302377,173.3524915180852,171.2620903345278,168.9641283365125,166.7561833626542,164.34071553989605,161.6302006552336,158.8211158471311,156.38424489938373,153.81829963458406,151.50563768417084,149.1929757337576,146.90977061605463,144.7085682072268,142.4975150303104,,,,
187.34693877551018,,,,,,187.36107418654774,187.97340086951573,189.05729153294288,190.07588204171876,190.50033456804573,191.16532986342057,191.839721574824,192.22926624148485,192.40432026857326,192.52235667029473,192.42225038113926,192.08803542425116,192.311079752113,192.28122273957172,191.98939333717453,191.39630612966164,190.8769854664277,190.2477722903953,189.5027689802296,188.59292228232582,187.72263723001822,186.59176913785285,185.2936369408243,183.95759937880433,182.4801546640834,180.9692600624948,179.19761718725618,177.20552242530965,175.33329370911645,173.21398021053164,170.97999845328098,168.5093890559236,165.87449437498415,163.1639794903217,160.58140465892419,157.9775718752547,155.49350537132426,153.16504748290578,150.78361195024468,148.68911071326892,,,,,
194.28571428571428,,,,,,191.71115016641176,192.06575838444974,193.25937607331545,194.22807602749305,194.25862517209904,195.0125034875281,195.5857756767013,195.74895271785698,195.90661697046937,196.0475106502514,196.00645683564758,195.63989036348877,195.75949279500387,195.5245573846506,195.31588406832276,195.1274460192589,194.5491391469431,193.8863173985188,193.13760784885102,192.26843248640745,191.39814743409983,190.34833484497184,189.18521002767298,187.89523610033376,186.49280081805614,184.83898244861135,183.03496571718279,181.0585533325341,179.2875110767526,177.3121492865104,174.9469252845532,172.50613013196232,169.96618257073865,167.33547520584082,164.70843687321968,162.13894150570405,159.53510872203452,157.08700681595622,154.65745328443472,152.59582603725164,,,,,
201.22448979591837,,,,,,195.80350768134582,196.15811589938372,197.461460613688,197.98636663154636,198.01691577615233,198.85967711163562,198.99319609792894,199.2567622082964,199.4050774807538,199.42363279315214,199.35128027466612,199.19174530272642,199.06711683247516,198.73614422114028,198.50537135182952,198.28270143235855,197.8991451915339,197.4992412056616,196.76833513492204,195.9439426904891,195.0736576381815,194.10490055209084,193.0181168470385,191.56946457999297,189.90681381220645,188.48342981631683,186.8175040911638,184.91158423975858,183.24172844438874,181.14797821825908,178.89176033632327,176.43971406079686,174.0536834504516,171.34416597514453,168.6387870424599,166.08283063794215,163.52687423342442,161.00896614900665,158.53129461862483,156.46966737144172,,,,,
208.16326530612244,,,,,,,200.34474566508246,201.2943873498576,201.63217703511253,201.7752063802056,202.17701789973654,202.33985491263576,202.75148487796412,202.69750429551368,202.64279448420604,202.48660164605883,202.5491081029634,202.31070087127972,201.94773105762994,201.69485863533623,201.4082971993332,200.91944520975804,200.50213030231046,199.91307583726868,199.17677179710097,198.30648674479338,197.31913062121743,196.1341233807749,194.94270336461426,193.32082680635676,192.04922607243978,190.58292396130366,188.764615146983,187.0826965070536,184.85238279979745,182.8344803777892,180.37329798963134,178.10945278307452,175.305156044002,172.58559769588916,170.0131808071824,167.46910956546122,164.94561757536934,162.4464766529453,,,,,,
215.1020408163265,,,,,,,204.546830205455,204.91191091125154,205.24970059650653,205.60172380898985,205.4943586878374,205.68651372734266,205.9273723776239,205.91739521542482,205.78067455518743,205.62192301745154,205.53177123149376,205.50833426125226,205.15931789411962,204.85772213688415,204.46740786838217,203.95498986988196,203.5050193989593,202.8943411903167,202.16452689914178,201.29424184683418,200.37089732859795,199.26749941914846,198.3159421492355,196.73483980050707,195.55711620058048,194.14872021742661,192.57137630364738,190.67299455323806,188.55678738133588,186.54145623237866,184.30688191846582,181.86270571419962,179.26614611285942,176.53240834931842,173.94353097642266,171.41433381219377,168.8908418221019,166.36843598599572,,,,,,
222.0408163265306,,,,,,,208.01971457128377,208.32550987548998,208.63130517969623,208.78025969704805,208.81169947593833,209.0331725420495,209.09357989794174,209.12198475812005,208.9185546261689,208.75724438884419,208.52762593433903,208.4909973897826,208.29098929093618,207.9698467880675,207.52651853743117,206.99993015591147,206.50790849560812,205.87560654336474,205.15228200118264,204.28199694887502,203.42266403597847,202.40087545752203,201.4718719487488,200.14885279465742,199.0484589071691,197.5796591691012,195.9868898963114,194.2632925994225,192.26119196287428,190.2484320869682,188.17775907123826,185.5762889941348,183.2271361817169,180.47921900274773,177.7801876239541,175.2055485804313,172.70294273514043,170.20033688984958,,,,,,
228.9795918367347,,,,,,,,211.61853886608685,211.92433417029306,211.88356962921753,212.12904026403922,212.23138255808126,212.22936327477493,212.14447092005543,212.05643469715034,211.88017312564077,211.5268163517124,211.4379986613415,211.23081001185,210.8727939134583,210.58562920648018,210.04487044194104,209.50028206029748,208.85687189641283,208.13334377175556,207.29882023329066,206.47443074335894,205.53425149589563,204.61591699497612,203.59698483260615,202.28511878752323,200.68685010518985,199.19264856775706,197.71242721360346,195.9552088951976,193.9554079415577,191.86456995772292,189.2898722740701,186.9823935756786,184.42602965617698,181.55714579984596,178.93894061254784,176.43633476725697,,,,,,,
235.91836734693877,,,,,,,,214.91156785668363,215.01834843769842,214.98687956138704,215.27176073121774,215.29109081698425,215.21852273805098,215.05286621972138,214.9668983145146,214.87936354301416,214.5260067690858,214.3778193822553,214.0688238295727,213.64162048889946,213.36342076174435,212.92852713082772,212.45223555244294,211.83813724946089,211.11089479216372,210.33089020413615,209.5261974507395,208.62655236076756,207.56773674676703,206.48125546269114,205.3030451535299,203.79404104127852,202.3767577117929,201.02570721428185,199.43796453089556,197.50305001631173,195.40270682584637,193.0034555540053,190.69329925305303,188.2342635889368,185.3341039757378,182.70785030588894,180.16972679937354,,,,,,,
242.85714285714283,,,,,,,,,218.11236270510375,218.09018949355655,218.27997482996147,218.26028183032915,218.20768220132703,217.96126151938734,217.8637951892518,217.69834114212372,217.5251971864592,217.25674778711647,216.89599903341042,216.4161489121283,216.0886943318203,215.6170505470581,215.1256576642259,214.52434974774286,213.82133494328227,213.05530569160342,212.2364327987665,211.3285428044736,210.2869875860635,209.25898851796302,208.2917091721252,206.90123197736713,205.56086685582875,204.3389872149603,202.49130931415257,200.887865210055,198.94084369396984,196.71703883394053,194.38185218796718,191.9288380897485,189.11106215162962,186.47675999923007,,,,,,,,
249.79591836734693,,,,,,,,,221.20637697250908,221.19349942572603,221.16673747822705,221.14085902122028,221.17291125653844,220.86965681905326,220.76069206398898,220.4538241814979,220.3541994694951,220.08392299095422,219.71612466169935,219.21839576939908,218.8139679018963,218.30557396328857,217.7990797760089,217.1498599518245,216.43970229022105,215.67367303854223,214.87393279876648,214.03053324817967,213.00623842535998,212.0367215732349,211.0893085223405,209.98317946905286,208.74497599986455,207.40679139362024,205.4530708662671,204.129299423818,202.2557439693752,200.37863737162795,197.97121054550777,195.51819644728903,192.88802032752147,190.2456696925712,,,,,,,,
256.734693877551,,,,,,,,,,224.28476096377997,224.05350012649268,224.02143621211144,224.00193211576754,223.77805211871924,223.58351061455886,223.20930722087212,223.08826208084452,222.81956210893946,222.50774992363696,222.02064262666983,221.53924147197228,220.99409737951896,220.44993545177158,219.77537015590616,219.05806963715983,218.292040385481,217.5114327987665,216.70157543677215,215.72548926465646,214.81445462850678,213.8869078725558,212.8809561222786,211.62746305208924,210.29042447586855,208.4148324183816,207.23657036567414,205.49717818313817,203.43999529186394,201.4565928655094,199.10071416685926,196.6545407066109,,,,,,,,,
263.67346938775506,,,,,,,,,,,226.94026277475825,226.90201340300254,226.79489667978834,226.63871722002847,226.36224762322354,225.9717484523698,225.8043245759702,225.50695161095146,225.01216335265067,224.7022474987846,224.2645150420482,223.68262079574936,223.07774983309807,222.40088035998772,221.6798852900639,220.91964426625552,220.14893279876648,219.34101813585215,218.44474010395294,217.59218768377863,216.56376659331,215.38047851731267,214.397873401928,213.10840426975352,211.39624512847138,210.26400521567507,208.6281917887626,206.41438825152244,204.8325646303009,202.47668593165076,,,,,,,,,,
270.61224489795916,,,,,,,,,,,229.82702542302383,229.74404070356897,229.5878612438091,229.35698707768506,229.1058968622097,228.75048546103457,228.518689215188,228.08658831846543,227.56345832273234,227.2066609277983,226.77526017739072,226.2793547787372,225.66501773720123,225.0263905640694,224.30539549414559,223.55714426625548,222.78643279876647,221.9376795125076,221.0656925534565,220.10088098073726,219.06328898834408,217.93458721921695,216.98951830135286,215.92356726452408,214.42367997847234,213.21794541297092,211.60258474842112,209.41748033079332,208.05543877034438,205.8526576964423,,,,,,,,,,
277.55102040816325,,,,,,,,,,,,232.50478987105862,232.2531008204739,232.0014488889072,231.75054951420574,231.49965013950433,231.09832592270203,230.6662250259795,230.11536587283672,229.71107435681205,229.2572243895063,228.67871548070474,228.03562098931283,227.41060521866498,226.71224255588152,225.9639288247254,225.1693374945844,224.30573409099867,223.46028169359153,222.57348016905877,221.56281138337818,220.48940917585523,219.58116320077772,218.51521216394892,217.38917278549738,215.96452789427394,214.53988300305048,212.44550596762423,211.0834644071753,,,,,,,,,,,
284.48979591836735,,,,,,,,,,,,,234.89752551267804,234.64610154090315,234.38893625319557,233.98751182114205,233.61190259543628,233.2458617334935,232.6672734229411,232.21548778582576,231.69924367480326,231.0737079131172,230.4062242414244,229.77693174927725,229.07102372842954,228.32172000626335,227.5333681068293,226.67378866948974,225.85193870463183,225.0081014155944,224.06233377841227,223.04423113249345,222.17280810020256,221.03479157088677,219.903774970851,218.70191646583885,217.28646548435347,215.47353160445513,,,,,,,,,,,,
291.42857142857144,,,,,,,,,,,,,237.54195020488217,237.25811558877413,236.86705275252743,236.42489373507325,236.00470009849187,235.67939955899908,235.21918097304547,234.69863190371152,234.10048566363156,233.46870034552964,232.78040943575633,232.1432582798895,231.42408495291932,230.67478123075313,229.8973987190742,229.04530964367785,228.24359571567214,227.40395333859357,226.53634802041233,225.59905308913176,224.60274919537142,223.42261188362966,222.33867322975343,221.20414216239163,219.98515767736086,218.50155724128606,,,,,,,,,,,,
298.3673469387755,,,,,,,,,,,,,,239.73623208810596,239.34516925185923,238.86227564900446,238.39749760154746,238.01129334253517,237.53736735720747,237.0796557731107,236.50172765245986,235.86369277794205,235.17540186816876,234.50817322610493,233.77714617740912,233.02784245524293,232.26026205960636,231.43696665471813,230.6352527267124,229.79980526159275,228.90951779140357,227.9068653854429,226.92118025265265,225.8104321963726,224.77357148865585,223.70636785894436,222.48738337391356,,,,,,,,,,,,,
305.3061224489796,,,,,,,,,,,,,,,241.8232857511911,241.2996575629357,240.79029510460308,240.34318712607126,239.83037872837448,239.35392484562632,238.79281836291045,238.1629653095474,237.5268161129153,236.85628843893426,236.13020740189893,235.3809036797327,234.60844050269836,233.7911860409,232.94467764115018,232.08127671227996,231.17352174720202,230.18807131350525,229.23961130993388,228.1982525091155,227.20846974755827,226.2085935554971,,,,,,,,,,,,,,
312.2448979591837,,,,,,,,,,,,,,,,243.73703947686693,243.18309260765866,242.67508090960737,242.1233900995415,241.62819391814202,241.04003859923628,240.37077553619105,239.72378072930925,239.04971247521544,238.3326252468405,237.58524736333334,236.8039053553061,236.0127191554517,235.1662107557019,234.32259909189838,233.43752570300046,232.46927724156754,231.55804236721514,230.58607282185847,229.6433680064607,,,,,,,,,,,,,,,
319.1836734693877,,,,,,,,,,,,,,,,,,245.00697469314346,244.41640147070854,243.90246299065768,243.26308742470064,242.58842321437754,241.9207453457032,241.24313651149663,240.51991008878525,239.77294794075084,238.99937020791378,238.20908443413686,237.38774387025356,236.54365273636736,235.70152965879888,234.75048316962986,233.87647342449637,,,,,,,,,,,,,,,,,
326.1224489795918,,,,,,,,,,,,,,,,,,,246.72688705661523,246.12676768424058,245.48613625016503,244.80607089256404,244.11770996209722,243.4365605477778,242.70562437449956,241.95866222646515,241.19483506052148,240.40535139938905,239.60567301240312,238.76470638083632,237.92363640101306,237.0484185098364,,,,,,,,,,,,,,,,,,
333.0612244897959,,,,,,,,,,,,,,,,,,,,,247.70918507562942,247.02371857075053,246.32182427995085,245.62544455207012,244.89133866021385,244.1443765121794,243.38455810796682,242.60161836464124,241.8019399776553,240.98576002530527,,,,,,,,,,,,,,,,,,,,
340.0,,,,,,,,,,,,,,,,,,,,,,,,,,,,,,,,,,,,,,,,,,,,,,,,,,
