Theta_Elec_deg,1,25,50,100,200,400
0.0,0.0621401398147462,9.959235308356905e-05,2.496109920269945e-05,6.313399313356422e-06,2.080044336906057e-06,7.094218689844131e-07
8.0,0.06213223772079984,9.957957788291568e-05,2.495786978077653e-05,6.312375214364583e-06,2.0797952497709258e-06,7.094011936838101e-07
16.0,0.062130586528582374,9.957678493967426e-05,2.4957132843574447e-05,6.31220365028864e-06,2.079736215948887e-06,7.093904428196985e-07
24.000000000000004,0.062113336897033265,9.954811710358338e-05,2.4949811816431002e-05,6.310357090940271e-06,2.0786516305870525e-06,7.094661430060113e-07
32.0,0.06214861467898028,9.960304749552599e-05,2.4963466361863167e-05,6.313910679380058e-06,2.0728304447761284e-06,7.114647648447809e-07
40.0,0.06215871355272494,9.961689431400435e-05,2.4966805174915532e-05,6.3144462166860365e-06,2.0539906674012627e-06,7.124873801844294e-07
48.00000000000001,0.062154091536512183,9.960727711572441e-05,2.496425601692328e-05,6.313972739665425e-06,2.0480267063495123e-06,7.134811694671877e-07
56.0,0.06213424337072936,9.957349127511455e-05,2.4955611476817745e-05,6.311809957862142e-06,2.038153900383414e-06,7.146703599933478e-07
64.0,0.062144464076468106,9.958899832794896e-05,2.4959330660905584e-05,6.31262977926056e-06,2.0331925975100566e-06,7.152349326344743e-07
72.0,0.06215530250222995,9.960618113958224e-05,2.4963551122654083e-05,6.313714356347308e-06,2.0317822007918665e-06,7.155605618719591e-07
80.0,0.06214764900980098,9.959385778436697e-05,2.4960424114372644e-05,6.31277357666619e-06,2.0317354263511146e-06,7.156357367335954e-07
88.0,0.06215049395364215,9.959855498590648e-05,2.496160866983939e-05,6.313249032493486e-06,2.0319631834505997e-06,7.156178560127212e-07
96.00000000000001,0.06215185250664247,9.960074546989505e-05,2.496216090587474e-05,6.313386742469715e-06,2.031925336041226e-06,7.156912950297222e-07
104.0,0.06217286283407627,9.963443105044493e-05,2.4970635809893578e-05,6.3151841450718315e-06,2.0322291901128794e-06,7.157615295601679e-07
112.0,0.062152913763253194,9.960239187963058e-05,2.496264560864158e-05,6.313493993194408e-06,2.0319043279811523e-06,7.154709822616095e-07
119.99999999999999,0.06217862024181559,9.964426201981817e-05,2.4973300520923393e-05,6.315997098747756e-06,2.036313908177321e-06,7.151897315256514e-07
128.0,0.06218070585371256,9.964905062527037e-05,2.497470903131075e-05,6.316401047507188e-06,2.0432387841018822e-06,7.145025492338317e-07
136.0,0.06219503131270912,9.96742046845362e-05,2.4981148350254343e-05,6.3181128137882255e-06,2.0494747789684223e-06,7.129710063479894e-07
144.0,0.062136762295253785,9.958274806059212e-05,2.495830469786615e-05,6.312422491123002e-06,2.06344826992162e-06,7.124993600818744e-07
152.0,0.06211626259658763,9.955206996422644e-05,2.4950743778637648e-05,6.310645279681216e-06,2.0773621960424015e-06,7.102809838263871e-07
160.0,0.06213210439416175,9.957884945147136e-05,2.495761912068496e-05,6.312512558133933e-06,2.0793088284291624e-06,7.0951737236043e-07
168.0,0.062134060041018076,9.958240904947688e-05,2.4958584516680016e-05,6.312632538313402e-06,2.0797798198957117e-06,7.095627819690662e-07
176.0,0.06213390112351817,9.958223380709227e-05,2.4958559310084308e-05,6.312620980707772e-06,2.0797150230474196e-06,7.09536696522027e-07
184.0,0.06213391500651614,9.958225381725085e-05,2.4958564395891138e-05,6.312621293395655e-06,2.0795627350610016e-06,7.09494836193416e-07
192.00000000000003,0.06211444876479156,9.955091944806262e-05,2.4950668701553365e-05,6.310757055650107e-06,2.0796404150211234e-06,7.095104359059158e-07
200.0,0.062128629599209804,9.957333535501855e-05,2.4956237038684565e-05,6.312167690917135e-06,2.0795837753336997e-06,7.09597453382923e-07
208.0,0.062128735253289734,9.957208689565274e-05,2.4955769548241785e-05,6.311833589993487e-06,2.0772095881542e-06,7.102730967155871e-07
216.0,0.06213218266623317,9.957539150725383e-05,2.4956459844931064e-05,6.311930472101008e-06,2.0634040652170893e-06,7.124867672823035e-07
224.0,0.062161355711105114,9.962003279377355e-05,2.4967536318804935e-05,6.314600222450178e-06,2.0487386389143146e-06,7.127826229557149e-07
232.00000000000003,0.062164253567894776,9.96226097829318e-05,2.4968070201206754e-05,6.314728559164696e-06,2.0427352924456516e-06,7.143927166563351e-07
239.99999999999997,0.06216883777261309,9.962854060617373e-05,2.496935286173516e-05,6.31518480993793e-06,2.03597800814556e-06,7.151162305878047e-07
248.0,0.062167221923230966,9.962540160190361e-05,2.4968435279656214e-05,6.31481786706129e-06,2.032056264851003e-06,7.156044926491799e-07
256.0,0.06214181383695443,9.958446763372836e-05,2.4958081750632076e-05,6.3122540108398284e-06,2.031429538734049e-06,7.156433204986904e-07
264.0,0.06214221405098273,9.958518651871606e-05,2.495824848998467e-05,6.3123124959713865e-06,2.0315218419623636e-06,7.155974749426919e-07
272.0,0.06215899179190942,9.961221248447413e-05,2.496504603524139e-05,6.314109643480193e-06,2.032121867818803e-06,7.157172550460334e-07
280.0,0.06216807676757183,9.962673912780308e-05,2.4968697526823165e-05,6.314865783417397e-06,2.031967180418828e-06,7.157984955875405e-07
288.0,0.06216804809803791,9.962662706585184e-05,2.4968696115255942e-05,6.314849008872221e-06,2.0318550005526545e-06,7.157654199245311e-07
296.0,0.06214471631713903,9.958932793606361e-05,2.4959417323639028e-05,6.312721017389677e-06,2.0330987192542325e-06,7.153079806556216e-07
304.0,0.06216506655326255,9.962301772582674e-05,2.496806005892134e-05,6.314692519810692e-06,2.0382510901680957e-06,7.147455984945746e-07
312.0,0.06213541213149321,9.957707227603032e-05,2.4956657195952284e-05,6.31186580542177e-06,2.0473059313308997e-06,7.134746792838412e-07
320.0,0.06215095330349808,9.960443663115533e-05,2.4963692513088674e-05,6.313793491912921e-06,2.053679086870058e-06,7.125896579542279e-07
328.0,0.062156403089218305,9.961554991173463e-05,2.4966624455916488e-05,6.314487314986553e-06,2.07268920834378e-06,7.116404272308513e-07
336.0,0.06214455733558553,9.959839786725348e-05,2.4962472972371032e-05,6.313640918618917e-06,2.0792440401134186e-06,7.09741278439727e-07
344.0,0.06214306626604749,9.959685469216309e-05,2.4962193214319387e-05,6.313616629319036e-06,2.0798594483538705e-06,7.095746245373828e-07
352.0,0.06214269847934966,9.959644000822814e-05,2.496213130048286e-05,6.31360529128311e-06,2.079901801991771e-06,7.095651323971928e-07
360.0,0.062142621511323805,9.959636330019134e-05,2.496212005488704e-05,6.3136044814407075e-06,2.0799165813963433e-06,7.095616264466825e-07
