Theta_Elec_deg,Theta_Mech_deg,Theta_Elec_rad,Lambda_a_pm,Lambda_b_pm,Lambda_c_pm,Lambda_a_pm_mWb,Lambda_b_pm_mWb,Lambda_c_pm_mWb
0.0,0.0,0.0,0.13303278154659823,-0.07055770488181085,-0.07054199307305342,133.03278154659822,-70.55770488181085,-70.54199307305342
4.0,1.0,0.06981317007977318,0.13290596267473784,-0.062111360882687414,-0.07856662232985952,132.90596267473785,-62.111360882687414,-78.56662232985951
8.0,2.0,0.13962634015954636,0.13235366254429257,-0.053124126398762614,-0.08646057302517456,132.35366254429258,-53.12412639876261,-86.46057302517455
12.000000000000002,3.0000000000000004,0.20943951023931956,0.13103831211479888,-0.04371267865742594,-0.0942315055267004,131.03831211479888,-43.71267865742594,-94.2315055267004
16.0,4.0,0.2792526803190927,0.1288754841330628,-0.034143584888366066,-0.1015395529161284,128.8754841330628,-34.143584888366064,-101.5395529161284
20.0,5.0,0.3490658503988659,0.1262065506315775,-0.024352763869590944,-0.10790711550678808,126.20655063157751,-24.352763869590945,-107.90711550678809
24.000000000000004,6.000000000000001,0.4188790204786391,0.12337089786889416,-0.01452194137696196,-0.11309743251085616,123.37089786889416,-14.52194137696196,-113.09743251085617
28.0,7.0,0.4886921905584123,0.12047639243575464,-0.004678416464985995,-0.11717248261841112,120.47639243575465,-4.678416464985995,-117.17248261841112
32.0,8.0,0.5585053606381855,0.11720254095566784,0.005236166318374574,-0.1204495670878616,117.20254095566784,5.236166318374574,-120.4495670878616
36.0,9.0,0.6283185307179586,0.11313187139193873,0.015072546996381535,-0.12335476223267208,113.13187139193873,15.072546996381535,-123.35476223267209
40.0,10.0,0.6981317007977318,0.10794094293415248,0.02486548405857283,-0.1261853264637656,107.94094293415247,24.865484058572832,-126.18532646376559
44.0,11.0,0.767944870877505,0.10161453362125344,0.03453430188779415,-0.128849085131898,101.61453362125344,34.53430188779415,-128.849085131898
48.00000000000001,12.000000000000002,0.8377580409572782,0.09429180633215983,0.044115191764786926,-0.13101573704642017,94.29180633215984,44.11519176478693,-131.01573704642016
52.0,13.0,0.9075712110370514,0.08654001797476849,0.05346035380340606,-0.13233658095284265,86.54001797476849,53.46035380340606,-132.33658095284264
56.0,14.0,0.9773843811168246,0.07865704638707571,0.062427946804359945,-0.1328979935983897,78.65704638707571,62.42794680435995,-132.8979935983897
59.99999999999999,14.999999999999998,1.0471975511965976,0.0706570130688298,0.07084331926366352,-0.1330332847541188,70.6570130688298,70.84331926366352,-133.0332847541188
64.0,16.0,1.117010721276371,0.06224014941058155,0.07882392307258018,-0.13292186550210713,62.24014941058155,78.82392307258019,-132.92186550210712
68.0,17.0,1.1868238913561442,0.05327709679423245,0.08667677311990137,-0.13239040717855033,53.27709679423245,86.67677311990137,-132.39040717855033
72.0,18.0,1.2566370614359172,0.043937605165845335,0.09438344210765504,-0.13108944825434896,43.93760516584533,94.38344210765504,-131.08944825434895
76.0,19.0,1.3264502315156905,0.0343567535033771,0.1016751220880764,-0.12893976869082543,34.3567535033771,101.6751220880764,-128.93976869082545
80.0,20.0,1.3962634015954636,0.024681445011792737,0.10801582877419671,-0.12628254397764896,24.681445011792736,108.01582877419672,-126.28254397764896
84.0,21.0,1.4660765716752369,0.014829334647824056,0.11320615812540856,-0.12346001384802992,14.829334647824057,113.20615812540856,-123.46001384802992
88.0,22.0,1.53588974175501,0.004968224523017668,0.11726928521788832,-0.12054549651562071,4.968224523017668,117.26928521788832,-120.54549651562071
92.0,23.0,1.6057029118347832,-0.004966302679588329,0.12054084326585791,-0.11727643457463743,-4.9663026795883285,120.54084326585792,-117.27643457463743
96.00000000000001,24.000000000000004,1.6755160819145565,-0.014838526083224769,0.12344700013643752,-0.11320998156831472,-14.83852608322477,123.44700013643751,-113.20998156831472
100.0,25.0,1.7453292519943295,-0.024585827662126233,0.126271953374682,-0.10805766077782553,-24.585827662126235,126.271953374682,-108.05766077782553
104.0,26.0,1.8151424220741028,-0.0343201167506537,0.1289317487224372,-0.10169783224538465,-34.320116750653696,128.93174872243722,-101.69783224538465
108.0,27.0,1.8849555921538759,-0.04391466930025925,0.13108307180901488,-0.09441320516941208,-43.91466930025925,131.08307180901488,-94.41320516941208
112.0,28.0,1.9547687622336491,-0.0532688639683952,0.13238861873767577,-0.08669247167796312,-53.268863968395195,132.38861873767576,-86.69247167796313
116.00000000000001,29.000000000000004,2.0245819323134224,-0.062221524066823033,0.13292046743198135,-0.07885158832944539,-62.22152406682304,132.92046743198136,-78.85158832944539
119.99999999999999,29.999999999999996,2.0943951023931953,-0.07065264219258068,0.13303229681899825,-0.07085442511411669,-70.65264219258067,133.03229681899825,-70.8544251141167
124.0,31.0,2.1642082724729685,-0.07865569093830344,0.13289418657015672,-0.06244045795569233,-78.65569093830344,132.89418657015673,-62.44045795569233
128.0,32.0,2.234021442552742,-0.08651897660273145,0.13234431787074127,-0.053487432211295365,-86.51897660273144,132.34431787074126,-53.48743221129536
132.0,33.0,2.303834612632515,-0.09427288622830536,0.1310214286070255,-0.04413384620983589,-94.27288622830537,131.0214286070255,-44.13384620983589
136.0,34.0,2.3736477827122884,-0.10156549222834464,0.12886270633284985,-0.03458027672933788,-101.56549222834464,128.86270633284985,-34.58027672933788
140.0,35.0,2.443460952792061,-0.10793026154178537,0.12619113700011816,-0.024879037555643864,-107.93026154178537,126.19113700011816,-24.879037555643865
144.0,36.0,2.5132741228718345,-0.11311527109509144,0.1233683794671796,-0.015105278598818503,-113.11527109509144,123.36837946717961,-15.105278598818503
148.0,37.0,2.5830872929516078,-0.11719044915000976,0.12046170996843608,-0.00527790941112603,-117.19044915000975,120.46170996843608,-5.277909411126029
152.0,38.0,2.652900463031381,-0.12046169347770344,0.11718749673401328,0.004635415483762222,-120.46169347770343,117.18749673401328,4.6354154837622215
156.0,39.0,2.722713633111154,-0.12336542514749337,0.11310967461039488,0.014488353580457912,-123.36542514749337,113.10967461039488,14.488353580457911
160.0,40.0,2.792526803190927,-0.12619520171092224,0.10791928376014288,0.02433021383266677,-126.19520171092225,107.91928376014289,24.330213832666768
164.0,41.0,2.8623399732707004,-0.12886260238801056,0.10155089346678473,0.034116229692572816,-128.86260238801057,101.55089346678473,34.116229692572816
168.0,42.0,2.9321531433504737,-0.13102522951670223,0.09424129011984944,0.04369591038440555,-131.02522951670224,94.24129011984944,43.69591038440554
172.0,43.0,3.001966313430247,-0.13235031446059112,0.08647535174008192,0.05310890881051359,-132.3503144605911,86.47535174008192,53.10890881051359
176.0,44.0,3.07177948351002,-0.13290547085075127,0.07859035394101205,0.06208572079547223,-132.90547085075127,78.59035394101205,62.08572079547223
180.0,45.0,3.141592653589793,-0.13302865343250664,0.07055970663946438,0.07053835748226456,-133.02865343250664,70.55970663946438,70.53835748226456
184.0,46.0,3.2114058236695664,-0.13290683827630592,0.06211538046921995,0.07856669456523246,-132.90683827630593,62.11538046921995,78.56669456523247
188.0,47.0,3.2812189937493397,-0.13235100209232112,0.0531140162231575,0.08645732123427464,-132.35100209232112,53.1140162231575,86.45732123427464
192.00000000000003,48.00000000000001,3.351032163829113,-0.13103345146658985,0.043716142636345275,0.09422212824106672,-131.03345146658984,43.716142636345275,94.22212824106673
196.0,49.0,3.420845333908886,-0.128873155584514,0.0341096417275894,0.10153869113574648,-128.87315558451402,34.1096417275894,101.53869113574649
200.0,50.0,3.490658503988659,-0.12620458447388663,0.02435211163719856,0.10790868282412017,-126.20458447388663,24.35211163719856,107.90868282412016
204.0,51.0,3.5604716740684323,-0.12337335756293465,0.014520714202102512,0.11309779390268808,-123.37335756293464,14.520714202102512,113.09779390268808
208.0,52.0,3.6302848441482056,-0.12046244940646232,0.004624760352604396,0.11717882264699377,-120.46244940646233,4.624760352604396,117.17882264699377
212.0,53.0,3.7000980142279785,-0.11719460048542736,-0.005246703077741999,0.12044666413583063,-117.19460048542736,-5.246703077741999,120.44666413583063
216.0,54.0,3.7699111843077517,-0.1131310794026308,-0.015091040288520104,0.12336121724833696,-113.1310794026308,-15.091040288520103,123.36121724833696
220.0,55.0,3.839724354387525,-0.10794007060736528,-0.02487579912541635,0.12617958832390072,-107.94007060736529,-24.87579912541635,126.17958832390072
224.0,56.0,3.9095375244672983,-0.10157307063964408,-0.03456819157394901,0.12885322002765584,-101.57307063964407,-34.56819157394901,128.85322002765585
228.00000000000003,57.00000000000001,3.9793506945470716,-0.094270752116696,-0.044130541810892834,0.13100636863415424,-94.270752116696,-44.13054181089284,131.00636863415423
232.00000000000003,58.00000000000001,4.049163864626845,-0.08653111347725112,-0.0534691765944391,0.13233969215950753,-86.53111347725113,-53.469176594439105,132.33969215950754
236.00000000000003,59.00000000000001,4.118977034706618,-0.07866206740492412,-0.06242316783394133,0.1328992114304899,-78.66206740492413,-62.42316783394133,132.8992114304899
239.99999999999997,59.99999999999999,4.1887902047863905,-0.07066813593580162,-0.0708301192353781,0.13304163189033744,-70.66813593580163,-70.8301192353781,133.04163189033744
244.0,61.0,4.258603374866164,-0.06228766928644759,-0.07881051627445902,0.1329227719450292,-62.28766928644759,-78.81051627445902,132.92277194502918
248.0,62.0,4.328416544945937,-0.05333689257515854,-0.08665786574726617,0.1323915803925172,-53.336892575158544,-86.65786574726617,132.3915803925172
252.0,63.0,4.39822971502571,-0.04391953194943768,-0.09439408284301735,0.13108523469519265,-43.919531949437676,-94.39408284301736,131.08523469519264
256.0,64.0,4.468042885105484,-0.034353035560026245,-0.10167165459913544,0.12894045715854713,-34.35303556002624,-101.67165459913544,128.94045715854713
260.0,65.0,4.537856055185257,-0.02462706095874368,-0.10802398014965384,0.1262807337032352,-24.62706095874368,-108.02398014965384,126.2807337032352
264.0,66.0,4.60766922526503,-0.01482112628615244,-0.11320182961398392,0.12345294593311336,-14.82112628615244,-113.20182961398392,123.45294593311336
268.0,67.0,4.6774823953448035,-0.004956672931575076,-0.11727357674797904,0.12054332420500176,-4.956672931575076,-117.27357674797905,120.54332420500175
272.0,68.0,4.747295565424577,0.004946307166892431,-0.1205390545434176,0.11728246995552856,4.9463071668924306,-120.53905454341759,117.28246995552855
276.0,69.0,4.817108735504349,0.014820647655330928,-0.12344653721174303,0.11321178656066888,14.820647655330928,-123.44653721174303,113.21178656066888
280.0,70.0,4.886921905584122,0.024630824334330056,-0.12627523911637192,0.10803421485127672,24.630824334330057,-126.27523911637192,108.03421485127672
284.0,71.0,4.956735075663896,0.0343236635414076,-0.1289349315754596,0.10170049730741423,34.3236635414076,-128.9349315754596,101.70049730741424
288.0,72.0,5.026548245743669,0.04389844408876911,-0.1310827205904572,0.09442157367906048,43.89844408876911,-131.0827205904572,94.42157367906049
292.0,73.0,5.096361415823442,0.0532585080073552,-0.13238872495587792,0.08669276231627776,53.2585080073552,-132.3887249558779,86.69276231627776
296.0,74.0,5.1661745859032155,0.062206638078421035,-0.13292015195377985,0.07887264285181327,62.20663807842104,-132.92015195377985,78.87264285181327
300.0,75.0,5.235987755982989,0.07063115784616032,-0.1330361340056277,0.07086686626328291,70.63115784616032,-133.0361340056277,70.86686626328292
304.0,76.0,5.305800926062762,0.07864551577949525,-0.13289500653060857,0.06245065163617207,78.64551577949524,-132.89500653060855,62.45065163617207
308.0,77.0,5.375614096142535,0.08653704182583416,-0.13233826783015143,0.05347884845462116,86.53704182583417,-132.33826783015144,53.478848454621165
312.0,78.0,5.445427266222308,0.09426285843301024,-0.13102032259967752,0.04414185907287715,94.26285843301024,-131.0203225996775,44.141859072877146
316.0,79.0,5.515240436302081,0.10157657835962663,-0.12885830210264176,0.034581031099581126,101.57657835962664,-128.85830210264177,34.581031099581125
320.0,80.0,5.585053606381854,0.10793198667051232,-0.12619341658887503,0.024889931939305807,107.93198667051232,-126.19341658887504,24.889931939305807
324.0,81.0,5.654866776461628,0.11311582314037992,-0.12336454170220776,0.01510207337137236,113.11582314037992,-123.36454170220776,15.102073371372361
328.0,82.0,5.724679946541401,0.11718659060280943,-0.12047155619342129,0.005305483895360223,117.18659060280943,-120.47155619342129,5.305483895360223
332.0,83.0,5.794493116621174,0.1204546982641648,-0.11717879896158728,-0.004635074974284021,120.4546982641648,-117.17879896158728,-4.635074974284021
336.0,84.0,5.8643062867009474,0.12336102335719472,-0.11311905826978744,-0.014470818874830873,123.36102335719472,-113.11905826978743,-14.470818874830872
340.0,85.0,5.934119456780721,0.12619881652505752,-0.10792089121332256,-0.024323176410846775,126.19881652505752,-107.92089121332256,-24.323176410846774
344.0,86.0,6.003932626860494,0.12886973972209903,-0.10155369085309904,-0.03408103705837736,128.86973972209904,-101.55369085309904,-34.08103705837736
348.0,87.0,6.073745796940266,0.1310296073155752,-0.0942482878561672,-0.04368514044638744,131.0296073155752,-94.24828785616721,-43.685140446387436
352.0,88.0,6.14355896702004,0.13235130542096687,-0.08648267298924216,-0.05308624985938827,132.35130542096687,-86.48267298924216,-53.08624985938827
356.0,89.0,6.213372137099813,0.13290084763206184,-0.07859341315162534,-0.06207765065500119,132.90084763206184,-78.59341315162534,-62.07765065500119
360.0,90.0,6.283185307179586,0.13303351821642936,-0.0705512663900981,-0.07054716999615655,133.03351821642937,-70.55126639009809,-70.54716999615655
