Mechanical_Angle,Electrical_Angle,Phase_A,Phase_B,Phase_C
-4.500000000000000000e+01,-1.800000000000000000e+02,-1.330318293504239302e-01,7.056392386765968083e-02,7.054267495442848035e-02
-4.375000000000000000e+01,-1.750000000000000000e+02,-1.328246321417916875e-01,5.991311135294920265e-02,8.054288559157184169e-02
-4.250000000000000000e+01,-1.700000000000000000e+02,-1.318040664803608875e-01,4.843067041148305801e-02,9.038713692289991608e-02
-4.125000000000000000e+01,-1.650000000000000000e+02,-1.294771930918846292e-01,3.650091520313644006e-02,9.980015851077728151e-02
-4.000000000000000000e+01,-1.600000000000000000e+02,-1.262087834757874283e-01,2.436538753643724756e-02,1.079018179889352780e-01
-3.875000000000000000e+01,-1.550000000000000000e+02,-1.226654257557458355e-01,1.208291195421474368e-02,1.142123313523670386e-01
-3.750000000000000000e+01,-1.500000000000000000e+02,-1.189129214899090348e-01,-2.917644482586211063e-04,1.188884162997599220e-01
-3.625000000000000000e+01,-1.450000000000000000e+02,-1.142462929078384010e-01,-1.263070248803187939e-02,1.226424799042916819e-01
-3.500000000000000000e+01,-1.400000000000000000e+02,-1.079598636405684764e-01,-2.483886397353232689e-02,1.261783030311064702e-01
-3.375000000000000000e+01,-1.350000000000000000e+02,-9.985264234432439379e-02,-3.694856445621377133e-02,1.294541963707323273e-01
-3.250000000000000000e+01,-1.300000000000000000e+02,-9.043909279985047622e-02,-4.882403657517403461e-02,1.317909869739275208e-01
-3.125000000000000000e+01,-1.250000000000000000e+02,-8.064159716274271750e-02,-6.022606659959477138e-02,1.328136074263736033e-01
-3.000000000000000000e+01,-1.200000000000000000e+02,-7.066578679400985219e-02,-7.083040605233689724e-02,1.330405603863479280e-01
-2.875000000000000000e+01,-1.150000000000000000e+02,-6.005562855456425542e-02,-8.078792751218015489e-02,1.328486173312307117e-01
-2.750000000000000000e+01,-1.100000000000000000e+02,-4.870350402664818529e-02,-9.055056517632295576e-02,1.318575531217495156e-01
-2.625000000000000000e+01,-1.050000000000000000e+02,-3.676674160277203229e-02,-9.992580223072272672e-02,1.295512295011420068e-01
-2.500000000000000000e+01,-1.000000000000000000e+02,-2.465806814061402563e-02,-1.080202510254136827e-01,1.262863713091487150e-01
-2.375000000000000000e+01,-9.500000000000000000e+01,-1.238748530986659956e-02,-1.143151506823831265e-01,1.227439699358364028e-01
-2.250000000000000000e+01,-9.000000000000000000e+01,-4.750622836467710552e-06,-1.189834876298087180e-01,1.189891828227561538e-01
-2.125000000000000000e+01,-8.500000000000000000e+01,1.233192721307694445e-02,-1.227356343358784047e-01,1.143360650405593620e-01
-2.000000000000000000e+01,-8.000000000000000000e+01,2.461303480916676723e-02,-1.262766554528358398e-01,1.080388132104168758e-01
-1.875000000000000000e+01,-7.500000000000000000e+01,3.675216226533274677e-02,-1.295482648587412688e-01,9.994279593058784383e-02
-1.750000000000000000e+01,-7.000000000000000000e+01,4.862829271621567362e-02,-1.318422446489695143e-01,9.057831773403592079e-02
-1.625000000000000000e+01,-6.500000000000000000e+01,6.003043626366945384e-02,-1.328446818172128729e-01,8.082104467617839960e-02
-1.500000000000000000e+01,-6.000000000000000000e+01,7.063417053440451676e-02,-1.330410840640211256e-01,7.086626696610698328e-02
-1.375000000000000000e+01,-5.500000000000000000e+01,8.062347986649136267e-02,-1.328111027472334282e-01,6.025262952371579495e-02
-1.250000000000000000e+01,-5.000000000000000000e+01,9.041529434665951381e-02,-1.317922641404740136e-01,4.885229816140081865e-02
-1.125000000000000000e+01,-4.500000000000000000e+01,9.981267852663032458e-02,-1.294659595273513486e-01,3.698532038367875752e-02
-1.000000000000000000e+01,-4.000000000000000000e+01,1.079321114102782392e-01,-1.261936064564421478e-01,2.487507683778583320e-02
-8.750000000000000000e+00,-3.500000000000000000e+01,1.142298529430414433e-01,-1.226492540497650385e-01,1.265001664719029618e-02
-7.500000000000000000e+00,-3.000000000000000000e+01,1.188965809677808849e-01,-1.189028440245726431e-01,3.280538801959387296e-04
-6.250000000000000000e+00,-2.500000000000000000e+01,1.226494456023995983e-01,-1.142290413710446428e-01,-1.203013647927607919e-02
-5.000000000000000000e+00,-2.000000000000000000e+01,1.261980954915151998e-01,-1.079243347631650418e-01,-2.431871808088324760e-02
-3.750000000000000000e+00,-1.500000000000000000e+01,1.294739049901670325e-01,-9.979608110050695868e-02,-3.650507725870622694e-02
-2.500000000000000000e+00,-1.000000000000000000e+01,1.317985419570067984e-01,-9.039191157044351721e-02,-4.842052266973643354e-02
-1.250000000000000000e+00,-5.000000000000000000e+00,1.328257168133583910e-01,-8.057593258202096209e-02,-5.987666344411397140e-02
0.000000000000000000e+00,0.000000000000000000e+00,1.330327815465982277e-01,-7.055770488181084543e-02,-7.054199307305342170e-02
1.250000000000000000e+00,5.000000000000000000e+00,1.328289026871899148e-01,-5.991366777717632708e-02,-8.054592785669512089e-02
2.500000000000000000e+00,1.000000000000000000e+01,1.318048649232159142e-01,-4.844173052348877545e-02,-9.037310376340695894e-02
3.750000000000000000e+00,1.500000000000000000e+01,1.294796308547307984e-01,-3.657339124582470458e-02,-9.976970468939927450e-02
5.000000000000000000e+00,2.000000000000000000e+01,1.262065506315775132e-01,-2.435276386959094388e-02,-1.079071155067880816e-01
6.250000000000000000e+00,2.500000000000000000e+01,1.226542748795176746e-01,-1.205862596316458445e-02,-1.142132764388776867e-01
7.500000000000000000e+00,3.000000000000000000e+01,1.189116978569292743e-01,2.766183517875047391e-04,-1.188820822538124850e-01
8.750000000000000000e+00,3.500000000000000000e+01,1.142413040379081646e-01,1.262275035132938428e-02,-1.226344874796049533e-01
1.000000000000000000e+01,4.000000000000000000e+01,1.079409429341524757e-01,2.486548405857283081e-02,-1.261853264637655958e-01
1.125000000000000000e+01,4.500000000000000000e+01,9.982095482098271577e-02,3.697366632061960257e-02,-1.294605759553220936e-01
1.250000000000000000e+01,5.000000000000000000e+01,9.046442181456064435e-02,4.880547262842419021e-02,-1.317819184065728011e-01
1.375000000000000000e+01,5.500000000000000000e+01,8.063250907640975851e-02,6.023167075072072274e-02,-1.328092393990391862e-01
1.500000000000000000e+01,6.000000000000000000e+01,7.065701306882979371e-02,7.084331926366352339e-02,-1.330332847541187968e-01
1.625000000000000000e+01,6.500000000000000000e+01,6.005731779571708145e-02,8.078866979034335372e-02,-1.328450020722710401e-01
1.750000000000000000e+01,7.000000000000000000e+01,4.869500902408402387e-02,9.055183331469623953e-02,-1.318486061749255256e-01
1.875000000000000000e+01,7.500000000000000000e+01,3.677261653957485110e-02,9.992275846064720135e-02,-1.295496255939357633e-01
2.000000000000000000e+01,8.000000000000000000e+01,2.468144501179273670e-02,1.080158287741967149e-01,-1.262825439776489589e-01
2.125000000000000000e+01,8.500000000000000000e+01,1.236714558915542363e-02,1.143206138401819255e-01,-1.227440470662061606e-01
2.250000000000000000e+01,9.000000000000000000e+01,1.715352158763658319e-05,1.189791863870595934e-01,-1.189924114269167998e-01
2.375000000000000000e+01,9.500000000000000000e+01,-1.235107365354532784e-02,1.227312142234274345e-01,-1.143282465534770365e-01
2.500000000000000000e+01,1.000000000000000000e+02,-2.458582766212623338e-02,1.262719533746820000e-01,-1.080576607778255260e-01
2.625000000000000000e+01,1.050000000000000000e+02,-3.674011557479343187e-02,1.295406588699773709e-01,-9.994051018327239355e-02
2.750000000000000000e+01,1.100000000000000000e+02,-4.862604802351077476e-02,1.318485441437341477e-01,-9.058386258624591403e-02
2.875000000000000000e+01,1.150000000000000000e+02,-6.003056611825707822e-02,1.328410279788772852e-01,-8.081867055852712256e-02
3.000000000000000000e+01,1.200000000000000000e+02,-7.065264219257942624e-02,1.330322968189989463e-01,-7.085442511412073929e-02
3.125000000000000000e+01,1.250000000000000000e+02,-8.063078648758384426e-02,1.328084462506229635e-01,-6.024528879563215145e-02
3.250000000000000000e+01,1.300000000000000000e+02,-9.041547045857903364e-02,1.317963704312013484e-01,-4.890350726055129466e-02
3.375000000000000000e+01,1.350000000000000000e+02,-9.981061477387064007e-02,1.294679249156654444e-01,-3.699441506674858160e-02
3.500000000000000000e+01,1.400000000000000000e+02,-1.079302615417853661e-01,1.261911370001181643e-01,-2.487903755564386393e-02
3.625000000000000000e+01,1.450000000000000000e+02,-1.142307132782576784e-01,1.226522763156022433e-01,-1.265557296762961567e-02
3.750000000000000000e+01,1.500000000000000000e+02,-1.189008590112775182e-01,1.189071404430023238e-01,-3.308964545449509520e-04
3.875000000000000000e+01,1.550000000000000000e+02,-1.226498580426423207e-01,1.142241207060159941e-01,1.203931246566072866e-02
4.000000000000000000e+01,1.600000000000000000e+02,-1.261952017109222446e-01,1.079192837601428839e-01,2.433021383266676871e-02
4.125000000000000000e+01,1.650000000000000000e+02,-1.294639914662709668e-01,9.979470308551176283e-02,3.649634016919792168e-02
4.250000000000000000e+01,1.700000000000000000e+02,-1.317992932718461685e-01,9.039261190064912244e-02,4.842095431207514566e-02
4.375000000000000000e+01,1.750000000000000000e+02,-1.328169722393532093e-01,8.057048746343103973e-02,5.988399680566198341e-02
4.500000000000000000e+01,1.800000000000000000e+02,-1.330286534325066383e-01,7.055970663946438404e-02,7.053835748226455760e-02
