Mechanical_Angle,Electrical_Angle,Phase_A,Phase_B,Phase_C,Flux_d,Flux_q,Flux_0
-45,-180,-0.133031829,0.070563924,0.070542675,135.7234192,-0.012268066,2.691589824
-43.75,-175,-0.132824632,0.059913111,0.080542886,135.8913804,0.067147034,2.543788268
-42.5,-170,-0.131804066,0.04843067,0.090387137,136.310442,0.562056274,2.337913618
-41.25,-165,-0.129477193,0.036500915,0.099800159,136.7212437,1.200685793,2.274626874
-40,-160,-0.126208783,0.024365388,0.107901818,136.9907038,1.464521934,2.019474017
-38.75,-155,-0.122665426,0.012082912,0.114212331,137.1886603,1.08794678,1.209939184
-37.5,-150,-0.118912921,-0.000291764,0.118888416,137.2946664,0.186341235,-0.105423213
-36.25,-145,-0.114246293,-0.012630702,0.12264248,137.2251715,-0.743594019,-1.411505164
-35,-140,-0.107959864,-0.024838864,0.126178303,137.0560649,-1.185490391,-2.206808194
-33.75,-135,-0.099852642,-0.036948564,0.129454196,136.8084162,-0.94113092,-2.449003477
-32.5,-130,-0.090439093,-0.048824037,0.131790987,136.413812,-0.343675248,-2.490714134
-31.25,-125,-0.080641597,-0.060226067,0.132813607,136.009978,0.067395049,-2.684685445
-30,-120,-0.070665787,-0.070830406,0.13304056,135.8591045,0.095042973,-2.818544153
-28.75,-115,-0.060055629,-0.080787928,0.132848617,136.0411634,0.113461496,-2.664979579
-27.5,-110,-0.048703504,-0.090550565,0.131857553,136.4778009,0.468406749,-2.46550536
-26.25,-105,-0.036766742,-0.099925802,0.12955123,136.8740158,1.075961066,-2.380438111
-25,-100,-0.024658068,-0.108020251,0.126286371,137.1336752,1.305426307,-2.130649286
-23.75,-95,-0.012387485,-0.114315151,0.12274397,137.3099637,0.902857565,-1.319555352
-22.5,-90,-4.75E-06,-0.118983488,0.118989183,137.3935853,-0.00506548,0.000314857
-21.25,-85,0.012331927,-0.122735634,0.114336065,137.3131206,-0.950101193,1.310785973
-20,-80,0.024613035,-0.126276655,0.108038813,137.131855,-1.34516213,2.125064189
-18.75,-75,0.036752162,-0.129548265,0.099942796,136.877602,-1.093871883,2.382231112
-17.5,-70,0.048628293,-0.131842245,0.090578318,136.4624938,-0.531469078,2.4547886
-16.25,-65,0.060030436,-0.132844682,0.080821045,136.0441154,-0.146996806,2.668933041
-15,-60,0.070634171,-0.133041084,0.070866267,135.8608685,-0.134000937,2.819784479
-13.75,-55,0.08062348,-0.132811103,0.06025263,136.0088708,-0.093192854,2.688335548
-12.5,-50,0.090415294,-0.131792264,0.048852298,136.4108963,0.313668812,2.491776123
-11.25,-45,0.099812679,-0.12946596,0.03698532,136.803494,0.89659311,2.444013128
-10,-40,0.107932111,-0.126193606,0.024875077,137.0556711,1.146333339,2.204527264
-8.75,-35,0.114229853,-0.122649254,0.012650017,137.2214088,0.722571941,1.41020518
-7.5,-30,0.118896581,-0.118902844,0.000328054,137.293562,-0.220790272,0.107263608
-6.25,-25,0.122649446,-0.114229041,-0.012030136,137.1850639,-1.13388853,-1.203244083
-5,-20,0.126198095,-0.107924335,-0.024318718,136.9901047,-1.507248235,-2.014985784
-3.75,-15,0.129473905,-0.099796081,-0.036505077,136.7179224,-1.196650875,-2.275751123
-2.5,-10,0.131798542,-0.090391912,-0.048420523,136.3065472,-0.571491389,-2.337964094
-1.25,-5,0.132825717,-0.080575933,-0.059876663,135.8944684,-0.107153033,-2.542293071
0,0,0.133032782,-0.070557705,-0.070541993,135.7217537,-0.009071217,-2.688972136
1.25,5,0.132828903,-0.059913668,-0.080545928,135.8955367,0.06822409,-2.543564316
2.5,10,0.131804865,-0.048441731,-0.090373104,136.3074746,0.547868422,-2.336656455
3.75,15,0.129479631,-0.036573391,-0.099769705,136.7209629,1.13923811,-2.287821693
5,20,0.126206551,-0.024352764,-0.107907116,136.9905491,1.475589095,-2.017776248
6.25,25,0.122654275,-0.012058626,-0.114213276,137.1810279,1.107578926,-1.205875841
7.5,30,0.118911698,0.000276618,-0.118882082,137.290303,0.174540367,0.102077985
8.75,35,0.114241304,0.01262275,-0.122634487,137.2171559,-0.749219434,1.409855637
10,40,0.107940943,0.024865484,-0.126185326,137.0538838,-1.158303847,2.20703351
11.25,45,0.099820955,0.036973666,-0.129460576,136.8019179,-0.908928146,2.444681729
12.5,50,0.090464422,0.048805473,-0.131781918,136.4144794,-0.369290112,2.495992012
13.75,55,0.080632509,0.060231671,-0.132809239,136.0051809,0.075490323,2.684980143
15,60,0.070657013,0.070843319,-0.133033285,135.8556339,0.107563932,2.822349193
16.25,65,0.060057318,0.08078867,-0.132845002,136.0395222,0.113056268,2.666995171
17.5,70,0.048695009,0.090551833,-0.131848606,136.4705334,0.475411924,2.466078721
18.75,75,0.036772617,0.099922758,-0.129549626,136.8725618,1.071019798,2.381916469
20,80,0.024681445,0.108015829,-0.126282544,137.1317254,1.289056128,2.138243269
21.25,85,0.012367146,0.114320614,-0.122744047,137.311812,0.918433074,1.314570788
22.5,90,1.72E-05,0.118979186,-0.118992411,137.3929661,-0.015844028,0.001309494
23.75,95,-0.012351074,0.122731214,-0.114328247,137.3072927,-0.935641151,-1.316035328
25,100,-0.024585828,0.126271953,-0.108057661,137.135385,-1.372173462,-2.123845022
26.25,105,-0.036740116,0.129540659,-0.09994051,136.869548,-1.101864227,-2.379988963
27.5,110,-0.048626048,0.131848544,-0.090583863,136.4684939,-0.534977764,-2.453788822
28.75,115,-0.060030566,0.132841028,-0.080818671,136.0408175,-0.14583414,-2.669402899
30,120,-0.070652642,0.133032297,-0.070854425,135.8572203,-0.116499424,-2.824923496
31.25,125,-0.080630786,0.132808446,-0.060245289,136.0078323,-0.08461304,-2.689209678
32.5,130,-0.09041547,0.13179637,-0.048903507,136.4253441,0.281202843,-2.507535763
33.75,135,-0.099810615,0.129467925,-0.036994415,136.805356,0.889424601,-2.445701642
35,140,-0.107930262,0.126191137,-0.024879038,137.0536379,1.143503329,-2.206054032
36.25,145,-0.114230713,0.122652276,-0.012655573,137.2240275,0.718359292,-1.411336643
37.5,150,-0.118900859,0.11890714,-0.000330896,137.2985125,-0.222691447,-0.108205008
38.75,155,-0.122649858,0.114224121,0.012039312,137.1831591,-1.125796696,1.204525043
40,160,-0.126195202,0.107919284,0.024330214,136.9870432,-1.498196171,2.018098627
41.25,165,-0.129463991,0.099794703,0.03649634,136.7093814,-1.203338065,2.275683929
42.5,170,-0.131799293,0.090392612,0.048420954,136.307439,-0.571491662,2.33809098
43.75,175,-0.132816972,0.080570487,0.059883997,135.8886448,-0.100256684,2.545837343
45,180,-0.133028653,0.070559707,0.070538357,135.718457,-0.012325942,2.689803563
