Mechanical_Angle,Electrical_Angle,Phase_A,Phase_B,Phase_C,Flux_d,Flux_q,Flux_0,136.6676696,,,
0,0,0.133032782,-0.070557705,-0.070541993,0.135721754,-9.07E-06,-0.002688972,135.7217537,-0.009071217,-0.94591595,-9.55E-01
0.5,2,0.133000842,-0.066397866,-0.074584686,0.135743729,-1.07E-05,-0.00266057,135.743729,-0.010731884,-0.92394061,-9.35E-01
1,4,0.132905963,-0.062111361,-0.078566622,0.135829291,2.55E-05,-0.002590674,135.8292911,0.025539464,-0.838378576,-8.13E-01
1.5,6,0.132711903,-0.057673214,-0.082528616,0.135967871,0.000138519,-0.002496642,135.9678708,0.138519115,-0.699798788,-5.61E-01
2,8,0.132353663,-0.053124126,-0.086460573,0.136131132,0.000303973,-0.002410346,136.1311318,0.303972921,-0.53653779,-2.33E-01
2.5,10,0.131804865,-0.048441731,-0.090373104,0.136307475,0.000547868,-0.002336656,136.3074746,0.547868422,-0.360195082,1.88E-01
3,12,0.131034396,-0.043718574,-0.094227782,0.136487637,0.000801647,-0.002303987,136.4876372,0.801647214,-0.18003248,6.22E-01
3.5,14,0.130046902,-0.038933492,-0.097966939,0.136646022,0.0010567,-0.00228451,136.6460217,1.056700356,-0.021647943,1.04E+00
4,16,0.128875484,-0.034143585,-0.101539553,0.136789726,0.001255352,-0.002269218,136.789726,1.255352129,0.122056329,1.38E+00
4.5,18,0.127584636,-0.029248182,-0.10486797,0.136902218,0.001423672,-0.002177172,136.9022181,1.423672451,0.234548509,1.66E+00
5,20,0.126206551,-0.024352764,-0.107907116,0.136990549,0.001475589,-0.002017776,136.9905491,1.475589095,0.322879433,1.80E+00
5.5,22,0.124800587,-0.019448114,-0.110648643,0.13707471,0.001408092,-0.00176539,137.0747098,1.408092017,0.407040135,1.82E+00
6,24,0.123378659,-0.01452239,-0.113099178,0.137152782,0.001235048,-0.001414303,137.1527822,1.235048275,0.485112521,1.72E+00
6.5,26,0.121940267,-0.00962352,-0.115257797,0.137215688,0.00093078,-0.00098035,137.2156882,0.930779763,0.548018584,1.48E+00
7,28,0.120476392,-0.004678416,-0.117172483,0.137270344,0.000570766,-0.000458169,137.2703439,0.570766028,0.60267429,1.17E+00
7.5,30,0.118911698,0.000276618,-0.118882082,0.137290303,0.00017454,0.000102078,137.290303,0.174540367,0.622633326,7.97E-01
8,32,0.117202541,0.005236166,-0.120449567,0.137284524,-0.000218174,0.000663047,137.2845244,-0.218174123,0.616854776,3.99E-01
8.5,34,0.115286933,0.01017426,-0.121917647,0.13724385,-0.000581986,0.001181182,137.24385,-0.581986303,0.576180389,-5.81E-03
9,36,0.113131871,0.015072547,-0.123354762,0.1371942,-0.000889577,0.001616552,137.1941996,-0.889577109,0.526530003,-3.63E-01
9.5,38,0.110689028,0.019962932,-0.124777045,0.137129139,-0.001090675,0.001958305,137.1291393,-1.090674593,0.46146965,-6.29E-01
10,40,0.107940943,0.024865484,-0.126185326,0.137053884,-0.001158304,0.002207034,137.0538838,-1.158303847,0.386214129,-7.72E-01
10.5,42,0.104899965,0.02973078,-0.12755346,0.136965195,-0.001129666,0.002359095,136.9651947,-1.129666367,0.29752505,-8.32E-01
11,44,0.101614534,0.034534302,-0.128849085,0.136871781,-0.001042186,0.00243325,136.8717815,-1.042186456,0.204111832,-8.38E-01
11.5,46,0.098049249,0.039343984,-0.130024065,0.136744799,-0.000836796,0.002456389,136.7447987,-0.836796085,0.077129076,-7.60E-01
12,48,0.094297776,0.044108992,-0.131018947,0.136589217,-0.000590926,0.002462607,136.5892168,-0.590925897,-0.078452881,-6.69E-01
12.5,50,0.090464422,0.048805473,-0.131781918,0.136414479,-0.00036929,0.002495992,136.4144794,-0.369290112,-0.253190194,-6.22E-01
13,52,0.086540018,0.053460354,-0.132336581,0.136236431,-0.000139464,0.002554597,136.2364311,-0.139463689,-0.431238562,-5.71E-01
13.5,54,0.082597335,0.058016425,-0.132691699,0.136074468,3.20E-05,0.002640687,136.0744676,0.032035898,-0.593202062,-5.61E-01
14,56,0.078657046,0.062427947,-0.132897994,0.135950222,0.00011381,0.002729,135.9502224,0.11381034,-0.717447269,-6.04E-01
14.5,58,0.074693787,0.066700004,-0.132998685,0.135875398,0.000126847,0.002798369,135.8753979,0.126847289,-0.792271733,-6.65E-01
15,60,0.070657013,0.070843319,-0.133033285,0.135855634,0.000107564,0.002822349,135.8556339,0.107563932,-0.812035685,-7.04E-01
15.5,62,0.066513883,0.074865148,-0.133015702,0.135889022,7.92E-05,0.002787776,135.8890225,0.079195142,-0.778647148,-6.99E-01
16,64,0.062240149,0.078823923,-0.132921866,0.135973426,8.98E-05,0.002714069,135.9734257,0.089838328,-0.694243901,-6.04E-01
16.5,66,0.057819932,0.082761759,-0.132730729,0.136111495,0.000173596,0.002616987,136.1114948,0.173596322,-0.556174825,-3.83E-01
17,68,0.053277097,0.086676773,-0.132390407,0.13628233,0.000319588,0.002521154,136.2823297,0.319587891,-0.385339906,-6.58E-02
17.5,70,0.048695009,0.090551833,-0.131848606,0.136470533,0.000475412,0.002466079,136.4705334,0.475411924,-0.197136273,2.78E-01
18,72,0.043937605,0.094383442,-0.131089448,0.136638097,0.000732261,0.002410533,136.6380972,0.732261383,-0.029572414,7.03E-01
18.5,74,0.03917808,0.098110861,-0.130109587,0.136798166,0.000958868,0.002393118,136.7981663,0.958867961,0.130496687,1.09E+00
19,76,0.034356754,0.101675122,-0.128939769,0.136930316,0.001168431,0.002364036,136.9303158,1.168431088,0.262646156,1.43E+00
19.5,78,0.029532012,0.104987343,-0.127650686,0.137042579,0.001278231,0.002289556,137.0425787,1.278231382,0.374909041,1.65E+00
20,80,0.024681445,0.108015829,-0.126282544,0.137131725,0.001289056,0.002138243,137.1317254,1.289056128,0.464055741,1.75E+00
20.5,82,0.019741464,0.110762604,-0.124884159,0.137213453,0.001240331,0.001873303,137.2134528,1.240331437,0.545783159,1.79E+00
21,84,0.014829335,0.113206158,-0.123460014,0.137281419,0.0010514,0.00152516,137.2814188,1.051400418,0.613749171,1.67E+00
21.5,86,0.009906573,0.115360644,-0.122017086,0.137331724,0.000758428,0.001083377,137.3317239,0.758428481,0.66405425,1.42E+00
22,88,0.004968225,0.117269285,-0.120545497,0.137372492,0.000390248,0.000564004,137.3724924,0.390248459,0.704822755,1.10E+00
22.5,90,1.72E-05,0.118979186,-0.118992411,0.137392966,-1.58E-05,1.31E-06,137.3929661,-0.015844028,0.725296425,7.09E-01
23,92,-0.004966303,0.120540843,-0.117276435,0.137373751,-0.000395511,-0.000567298,137.3737506,-0.395511008,0.706080989,3.11E-01
23.5,94,-0.009890106,0.122011086,-0.115375349,0.13733549,-0.000776615,-0.00108479,137.3354902,-0.776615063,0.667820525,-1.09E-01
24,96,-0.014837532,0.123447335,-0.113210312,0.137276509,-0.001051031,-0.001533503,137.2765089,-1.051031367,0.608839258,-4.42E-01
24.5,98,-0.019708135,0.124870583,-0.110780684,0.137211468,-0.001273146,-0.001872745,137.2114676,-1.273146048,0.54379793,-7.29E-01
25,100,-0.024585828,0.126271953,-0.108057661,0.137135385,-0.001372173,-0.002123845,137.135385,-1.372173462,0.467715397,-9.04E-01
25.5,102,-0.02949519,0.127641301,-0.105004894,0.13704022,-0.001312005,-0.002286261,137.0402198,-1.312005312,0.372550199,-9.39E-01
26,104,-0.034320117,0.128931749,-0.101697832,0.136930158,-0.001204121,-0.002362067,136.9301583,-1.204121013,0.262488688,-9.42E-01
26.5,106,-0.039144374,0.13010394,-0.098138547,0.136801141,-0.000994655,-0.002392994,136.8011414,-0.994655212,0.133471752,-8.61E-01
27,108,-0.043914669,0.131083072,-0.094413205,0.136642491,-0.000762433,-0.002414934,136.642491,-0.762432921,-0.025178615,-7.88E-01
27.5,110,-0.048626048,0.131848544,-0.090583863,0.136468494,-0.000534978,-0.002453789,136.4684939,-0.534977764,-0.199175687,-7.34E-01
28,112,-0.053268864,0.132388619,-0.086692472,0.136285536,-0.00033309,-0.002524239,136.2855363,-0.33308981,-0.382133312,-7.15E-01
28.5,114,-0.057802605,0.132729701,-0.082786179,0.136115684,-0.000197391,-0.002619695,136.115684,-0.197391081,-0.551985598,-7.49E-01
29,116,-0.062221524,0.132920467,-0.078851588,0.135977366,-0.000116354,-0.002717548,135.9773662,-0.116353934,-0.690303409,-8.07E-01
29.5,118,-0.066488092,0.133013385,-0.07489336,0.135889373,-0.00011038,-0.002789355,135.8893732,-0.110380311,-0.778296452,-8.89E-01
30,120,-0.070652642,0.133032297,-0.070854425,0.13585722,-0.000116499,-0.002824923,135.8572203,-0.116499424,-0.810449317,-9.27E-01
30.5,122,-0.074697311,0.133009135,-0.066720587,0.135890048,-0.000137214,-0.002802921,135.8900476,-0.137213957,-0.777622037,-9.15E-01
31,124,-0.078655691,0.132894187,-0.062440458,0.135950842,-0.000121879,-0.002733987,135.9508416,-0.121879075,-0.716828058,-8.39E-01
31.5,126,-0.082588263,0.132695085,-0.058029694,0.136076755,-4.52E-05,-0.002640957,136.0767554,-0.045245463,-0.590914255,-6.36E-01
32,128,-0.086518977,0.132344318,-0.053487432,0.136239665,0.000110954,-0.00255403,136.2396651,0.110954182,-0.428004554,-3.17E-01
32.5,130,-0.09041547,0.13179637,-0.048903507,0.136425344,0.000281203,-0.002507536,136.4253441,0.281202843,-0.242325555,3.89E-02
33,132,-0.094272886,0.131021429,-0.044133846,0.136584852,0.000562493,-0.002461768,136.584852,0.562492534,-0.082817587,4.80E-01
33.5,134,-0.098003129,0.13003291,-0.039378077,0.136735426,0.000791404,-0.002449432,136.7354264,0.791403809,0.067756816,8.59E-01
34,136,-0.101565492,0.128862706,-0.034580277,0.136864407,0.000987233,-0.002427688,136.8644071,0.987232644,0.196737454,1.18E+00
34.5,138,-0.104888644,0.127564163,-0.02974563,0.13696843,0.001112727,-0.002356704,136.9684305,1.112727081,0.300760862,1.41E+00
35,140,-0.107930262,0.126191137,-0.024879038,0.137053638,0.001143503,-0.002206054,137.0536379,1.143503329,0.385968287,1.53E+00
35.5,142,-0.110674071,0.12479088,-0.019997319,0.137133024,0.001058379,-0.00196017,137.1330242,1.05837921,0.465354555,1.52E+00
36,144,-0.113115271,0.123368379,-0.015105279,0.137195821,0.000857678,-0.00161739,137.1958206,0.85767822,0.528150953,1.39E+00
36.5,146,-0.115275674,0.121928121,-0.0102002,0.137245109,0.000557477,-0.001182584,137.2451089,0.557477243,0.577439268,1.13E+00
37,148,-0.117190449,0.12046171,-0.005277909,0.137285807,0.00018229,-0.000668883,137.285807,0.182290068,0.618137381,8.00E-01
37.5,150,-0.118900859,0.11890714,-0.000330896,0.137298513,-0.000222691,-0.000108205,137.2985125,-0.222691447,0.630842868,4.08E-01
38,152,-0.120461693,0.117187497,0.004635415,0.13726918,-0.000609321,0.00045374,137.2691796,-0.60932056,0.601510004,-7.81E-03
38.5,154,-0.121924221,0.115264569,0.00960371,0.137208896,-0.000951169,0.000981353,137.2088959,-0.951168537,0.541226306,-4.10E-01
39,156,-0.123365425,0.113109675,0.014488354,0.137148012,-0.001265317,0.001410868,137.1480121,-1.265316579,0.480342432,-7.85E-01
39.5,158,-0.124787749,0.110662001,0.019429466,0.137072061,-0.001429092,0.001767906,137.0720613,-1.429091767,0.404391625,-1.02E+00
40,160,-0.126195202,0.107919284,0.024330214,0.136987043,-0.001498196,0.002018099,136.9870432,-1.498196171,0.319373535,-1.18E+00
40.5,162,-0.127574976,0.104885294,0.029248775,0.136904759,-0.001433004,0.002186365,136.9047586,-1.43300413,0.237088971,-1.20E+00
41,164,-0.128862602,0.101550893,0.03411623,0.136782497,-0.001280666,0.002268174,136.7824974,-1.280666214,0.11482777,-1.17E+00
41.5,166,-0.130033148,0.097981736,0.038941549,0.136645458,-0.001060851,0.002296712,136.6454577,-1.060851083,-0.022211959,-1.08E+00
42,168,-0.13102523,0.09424129,0.04369591,0.136483016,-0.00082398,0.00230399,136.4830163,-0.823979856,-0.184653377,-1.01E+00
42.5,170,-0.131799293,0.090392612,0.048420954,0.136307439,-0.000571492,0.002338091,136.307439,-0.571491662,-0.360230615,-9.32E-01
43,172,-0.132350314,0.086475352,0.053108909,0.136131187,-0.000321454,0.002411315,136.1311869,-0.321453756,-0.536482739,-8.58E-01
43.5,174,-0.132700931,0.082545689,0.057647425,0.135960293,-0.000164198,0.002497394,135.9602933,-0.164198388,-0.707376313,-8.72E-01
44,176,-0.132905471,0.078590354,0.062085721,0.135830318,-5.40E-05,0.002590201,135.8303178,-0.054042039,-0.837351877,-8.91E-01
44.5,178,-0.133002079,0.074610107,0.066382253,0.135748647,-1.28E-05,0.002663427,135.7486474,-0.012801934,-0.919022208,-9.32E-01
45,180,-0.133028653,0.070559707,0.070538357,0.135718457,-1.23E-05,0.002689804,135.718457,-0.012325942,-0.949212637,-9.62E-01
45.5,182,-0.133004364,0.066399227,0.074587247,0.135747406,-1.02E-05,0.002660703,135.747406,-0.010166808,-0.920263677,-9.30E-01
46,184,-0.132906838,0.06211538,0.078566695,0.135831075,2.31E-05,0.002591746,135.831075,0.023130148,-0.836594621,-8.13E-01
46.5,186,-0.132702552,0.057722417,0.082511555,0.135968327,0.000100003,0.002510474,135.9683269,0.100002702,-0.699342766,-5.99E-01
47,188,-0.132351002,0.053114016,0.086457321,0.136125516,0.000308761,0.002406778,136.1255159,0.308760794,-0.542153725,-2.33E-01
47.5,190,-0.13180367,0.04845152,0.090369429,0.136307347,0.000539997,0.002339093,136.3073475,0.539997129,-0.360322162,1.80E-01
48,192,-0.131034124,0.043724348,0.094216399,0.136483572,0.000792385,0.002302208,136.4835716,0.792384779,-0.184098035,6.08E-01
48.5,194,-0.130046743,0.038938151,0.097967945,0.13664724,0.001054223,0.002286451,136.6472405,1.054222553,-0.020429175,1.03E+00
49,196,-0.128873156,0.034109642,0.101538691,0.136782346,0.001277338,0.002258392,136.7823461,1.277337526,0.114676428,1.39E+00
49.5,198,-0.127574793,0.029250116,0.104863709,0.136894134,0.001422538,0.002179677,136.8941345,1.422538485,0.226464831,1.65E+00
50,200,-0.126204584,0.024352112,0.107908683,0.136990042,0.001477137,0.002018737,136.9900423,1.477137256,0.322372627,1.80E+00
50.5,202,-0.124797367,0.019442275,0.110651536,0.137073697,0.001413938,0.001765481,137.0736972,1.413938071,0.406027523,1.82E+00
51,204,-0.123373358,0.014520714,0.113097794,0.13714869,0.001237055,0.00141505,137.1486904,1.237054542,0.481020788,1.72E+00
51.5,206,-0.121935812,0.009590868,0.115260978,0.137213259,0.000954983,0.000972011,137.213259,0.954982678,0.545589354,1.50E+00
52,208,-0.120462449,0.00462476,0.117178823,0.137264473,0.000613119,0.000447045,137.2644727,0.613118685,0.596803033,1.21E+00
52.5,210,-0.118909685,-0.000274569,0.118881585,0.137288854,0.000173679,-0.000100889,137.2888538,0.173679347,0.621184122,7.95E-01
53,212,-0.1171946,-0.005246703,0.120446664,0.137278572,-0.000209257,-0.00066488,137.2785715,-0.209257259,0.610901891,4.02E-01
53.5,214,-0.115289012,-0.01017477,0.121917562,0.137244972,-0.000582448,-0.001182074,137.2449717,-0.582447562,0.577302096,-5.15E-03
54,216,-0.113131079,-0.01509104,0.123361217,0.137198992,-0.000875255,-0.001620301,137.1989925,-0.875255112,0.531322865,-3.44E-01
54.5,218,-0.110683043,-0.019989127,0.124775584,0.137127523,-0.00107129,-0.001965529,137.1275227,-1.071289663,0.459853039,-6.11E-01
55,220,-0.107940071,-0.024875799,0.126179588,0.137051038,-0.001152466,-0.002212094,137.0510377,-1.152466167,0.383368039,-7.69E-01
55.5,222,-0.104896245,-0.029728357,0.127551024,0.136961472,-0.001130089,-0.002357859,136.9614718,-1.130088765,0.293802158,-8.36E-01
56,224,-0.101573071,-0.034568192,0.12885322,0.136860013,-0.001000303,-0.002429347,136.8600131,-1.000302885,0.192343433,-8.08E-01
56.5,226,-0.0980231,-0.039357008,0.130024768,0.136735537,-0.000815796,-0.00245178,136.7355368,-0.815796102,0.067867182,-7.48E-01
57,228,-0.094279574,-0.044116247,0.13101311,0.136578785,-0.000578118,-0.002460903,136.5787853,-0.578117586,-0.088884337,-6.67E-01
57.5,230,-0.090442805,-0.048824729,0.131792898,0.136416816,-0.000344916,-0.002491545,136.4168157,-0.344916319,-0.250853954,-5.96E-01
58,232,-0.086531113,-0.053469177,0.132339692,0.136237034,-0.000129044,-0.002553533,136.2370336,-0.129043566,-0.430635996,-5.60E-01
58.5,234,-0.082595002,-0.058015322,0.132692401,0.13607372,3.27E-05,-0.002639308,136.0737199,0.032670424,-0.593949758,-5.61E-01
59,236,-0.078657833,-0.062430058,0.132898512,0.135951477,0.000114665,-0.002729793,135.9514768,0.114664842,-0.716192786,-6.02E-01
59.5,238,-0.074696689,-0.066696723,0.133001899,0.135877538,0.00012335,-0.002797171,135.8775383,0.12335018,-0.790131381,-6.67E-01
60,240,-0.070668136,-0.070830119,0.133041632,0.135860506,9.35E-05,-0.002818874,135.8605063,0.093521102,-0.807163315,-7.14E-01
60.5,242,-0.066517567,-0.074863683,0.133014974,0.135889172,7.62E-05,-0.002788759,135.8891724,0.07621543,-0.7784972,-7.02E-01
61,244,-0.062287669,-0.078810516,0.132922772,0.135982918,5.39E-05,-0.002725138,135.9829181,0.053912627,-0.684751507,-6.31E-01
61.5,246,-0.05782413,-0.08276093,0.13273177,0.136112999,0.00017052,-0.002617763,136.1129991,0.170519537,-0.554670562,-3.84E-01
62,248,-0.053336893,-0.086657866,0.13239158,0.136290277,0.000272585,-0.002534393,136.2902772,0.272585107,-0.377392473,-1.05E-01
62.5,250,-0.048641677,-0.090558208,0.131849369,0.136461605,0.00051199,-0.002450172,136.4616055,0.511989975,-0.206064166,3.06E-01
63,252,-0.043919532,-0.094394083,0.131085235,0.136636373,0.000749576,-0.00240946,136.636373,0.749576254,-0.031296662,7.18E-01
63.5,254,-0.039167608,-0.098119736,0.130106748,0.136798515,0.000970293,-0.002393532,136.7985151,0.970292587,0.130845505,1.10E+00
64,256,-0.034353036,-0.101671655,0.128940457,0.136928494,0.001169104,-0.002361411,136.9284945,1.169103765,0.260824851,1.43E+00
64.5,258,-0.029500722,-0.10498898,0.127647082,0.137036767,0.001300108,-0.002280873,137.0367674,1.300107692,0.369097813,1.67E+00
65,260,-0.024627061,-0.10802398,0.126280734,0.137128458,0.001328667,-0.002123436,137.1284584,1.328667188,0.460788756,1.79E+00
65.5,262,-0.01972893,-0.110762774,0.124876342,0.137207548,0.001250629,-0.001871787,137.2075476,1.250628608,0.539877922,1.79E+00
66,264,-0.014821126,-0.11320183,0.123452946,0.137274208,0.001057063,-0.001523337,137.2742077,1.057063045,0.606538032,1.66E+00
66.5,266,-0.00989586,-0.115362445,0.122016115,0.13733164,0.000766508,-0.00108073,137.3316399,0.766508204,0.663970255,1.43E+00
67,268,-0.004956673,-0.117273577,0.120543324,0.137373371,0.000400141,-0.000562308,137.3733712,0.400140831,0.705701583,1.11E+00
67.5,270,-3.11E-05,-0.118983056,0.118999173,0.137399104,-2.61E-05,-5.01E-06,137.399104,-0.026135077,0.731434386,7.05E-01
68,272,0.004946307,-0.120539055,0.11728247,0.137375645,-0.000411525,0.000563241,137.3756447,-0.411525242,0.707975063,2.96E-01
68.5,274,0.009877378,-0.122009935,0.115369463,0.137330956,-0.000783222,0.001078969,137.3309558,-0.783222045,0.66328616,-1.20E-01
69,276,0.014820648,-0.123446537,0.113211787,0.137275641,-0.00106302,0.001528632,137.2756414,-1.063019856,0.607971799,-4.55E-01
69.5,278,0.019726712,-0.124872329,0.11077627,0.137211951,-0.001258634,0.001876884,137.2119511,-1.258634154,0.544281439,-7.14E-01
70,280,0.024630824,-0.126275239,0.108034215,0.137130679,-0.001331835,0.002129933,137.1306787,-1.331835053,0.4630091,-8.69E-01
70.5,282,0.029526658,-0.127642613,0.104996704,0.137041356,-0.001287562,0.002293583,137.0413556,-1.287561539,0.373685966,-9.14E-01
71,284,0.034323664,-0.128934932,0.101700497,0.136934048,-0.001202476,0.002363076,136.9340481,-1.202476052,0.266378479,-9.36E-01
71.5,286,0.039153544,-0.130102656,0.098143696,0.13680438,-0.000991456,0.002398195,136.8043801,-0.991456046,0.136710477,-8.55E-01
72,288,0.043898444,-0.131082721,0.094421574,0.136642652,-0.000776915,0.002412432,136.6426525,-0.776915008,-0.025017137,-8.02E-01
72.5,290,0.048614693,-0.131838574,0.090580625,0.136457972,-0.000541592,0.002452248,136.4579717,-0.541592174,-0.20969793,-7.51E-01
73,292,0.053258508,-0.132388725,0.086692762,0.136283139,-0.000339634,0.002520848,136.2831395,-0.339633892,-0.384530174,-7.24E-01
73.5,294,0.057804205,-0.132730009,0.082778388,0.13611327,-0.000192193,0.002617528,136.1132695,-0.1921929,-0.554400092,-7.47E-01
74,296,0.062206638,-0.132920152,0.078872643,0.135980655,-0.000136925,0.00271971,135.9806551,-0.136924891,-0.687014581,-8.24E-01
74.5,298,0.066488659,-0.133012264,0.07489359,0.135888884,-0.000110203,0.002789995,135.8888844,-0.110202574,-0.778785235,-8.89E-01
75,300,0.070631158,-0.133036134,0.070866866,0.135856764,-0.000136086,0.00282063,135.856764,-0.136086318,-0.810905592,-9.47E-01
75.5,302,0.074668025,-0.132996348,0.066726946,0.135873173,-0.000157217,0.002799541,135.8731726,-0.15721717,-0.794497037,-9.52E-01
76,304,0.078645516,-0.132895007,0.062450652,0.135950573,-0.000133649,0.00273372,135.9505727,-0.133648945,-0.717096924,-8.51E-01
76.5,306,0.082576512,-0.132689656,0.058041328,0.136071706,-5.83E-05,0.002642728,136.0717057,-0.05829068,-0.595963955,-6.54E-01
77,308,0.086537042,-0.132338268,0.053478848,0.136240942,0.000126312,0.002559207,136.240942,0.126311724,-0.426727642,-3.00E-01
77.5,310,0.090431365,-0.131790105,0.04883862,0.136413246,0.000330695,0.002493294,136.4132465,0.330695196,-0.254423149,7.63E-02
78,312,0.094262858,-0.131020323,0.044141859,0.136581308,0.000552597,0.002461465,136.5813083,0.552597309,-0.086361342,4.66E-01
78.5,314,0.098009911,-0.130028559,0.039375837,0.136735342,0.000796793,0.002452396,136.7353415,0.796793422,0.067671868,8.64E-01
79,316,0.101576578,-0.128858302,0.034581031,0.136867023,0.000992688,0.002433102,136.8670228,0.992688032,0.199353172,1.19E+00
79.5,318,0.104888409,-0.127556361,0.029757092,0.136964956,0.001106755,0.002363047,136.9649556,1.10675543,0.297285918,1.40E+00
80,320,0.107931987,-0.126193417,0.024889932,0.137057208,0.00113657,0.002209501,137.0572082,1.136570231,0.389538573,1.53E+00
80.5,322,0.110665876,-0.124799481,0.020018924,0.13713604,0.001038604,0.001961773,137.1360402,1.038604262,0.468370573,1.51E+00
81,324,0.113115823,-0.123364542,0.015102073,0.137193558,0.00086106,0.001617785,137.1935577,0.861060295,0.525888022,1.39E+00
81.5,326,0.115279535,-0.121929769,0.01019797,0.137248127,0.000559918,0.001182579,137.2481274,0.559918143,0.580457731,1.14E+00
82,328,0.117186591,-0.120471556,0.005305484,0.137290063,0.000159473,0.000673506,137.2900629,0.15947345,0.622393249,7.82E-01
82.5,330,0.118895469,-0.118896218,0.000319687,0.137289094,-0.000213374,0.000106313,137.2890944,-0.213373963,0.621424795,4.08E-01
83,332,0.120454698,-0.117178799,-0.004635075,0.137260137,-0.000608664,-0.000453059,137.2601367,-0.608664052,0.592467057,-1.62E-02
83.5,334,0.12192294,-0.11527541,-0.009544548,0.137211368,-0.000994929,-0.000965673,137.2113684,-0.994929141,0.543698777,-4.51E-01
84,336,0.123361023,-0.113119058,-0.014470819,0.13714917,-0.001281813,-0.001409618,137.1491704,-1.281812975,0.481500718,-8.00E-01
84.5,338,0.124791534,-0.110664645,-0.019415257,0.137074472,-0.001438612,-0.001762789,137.0744715,-1.438612072,0.406801906,-1.03E+00
85,340,0.126198817,-0.107920891,-0.024323176,0.136989314,-0.001502681,-0.002015084,136.9893139,-1.502681117,0.321644307,-1.18E+00
85.5,342,0.127569443,-0.104884845,-0.029211261,0.136895828,-0.001458406,-0.002175554,136.8958284,-1.458405862,0.228158735,-1.23E+00
86,344,0.12886974,-0.101553691,-0.034081037,0.136782737,-0.001303415,-0.002254996,136.7827369,-1.303414997,0.115067269,-1.19E+00
86.5,346,0.130041625,-0.097986916,-0.038900832,0.136645858,-0.001088062,-0.002282041,136.6458579,-1.08806156,-0.021811743,-1.11E+00
87,348,0.131029607,-0.094248288,-0.04368514,0.136486774,-0.000833668,-0.002301274,136.4867739,-0.833668493,-0.180895751,-1.01E+00
87.5,350,0.131799076,-0.090392995,-0.048415003,0.136306103,-0.000575441,-0.002336307,136.3061032,-0.575440593,-0.361566437,-9.37E-01
88,352,0.132351305,-0.086482673,-0.05308625,0.136129187,-0.000339214,-0.002405872,136.1291872,-0.33921397,-0.538482383,-8.78E-01
88.5,354,0.132703899,-0.082546365,-0.057642768,0.135961263,-0.000167193,-0.002495078,135.9612633,-0.167192524,-0.706406312,-8.74E-01
89,356,0.132900848,-0.078593413,-0.062077651,0.135826025,-6.08E-05,-0.002590072,135.8260251,-0.060783435,-0.841644533,-9.02E-01
89.5,358,0.133003956,-0.074615748,-0.066366444,0.135746943,-2.53E-05,-0.002659412,135.7469425,-0.025253447,-0.920727099,-9.46E-01
90,360,0.133033518,-0.070551266,-0.07054717,0.135721824,-2.37E-06,-0.002688306,135.7218243,-0.002365054,-0.945845359,-9.48E-01
