Harmonic_Order,Phase_A,Phase_B,Phase_C
0.000000000000000000e+00,8.660484517692846671e-06,9.583870750482381684e-02,9.572700513465393080e-02
1.000000000000000000e+00,7.998379619169877053e+00,8.092646092899435928e+00,8.092555849417403024e+00
2.000000000000000000e+00,1.688386225425678733e-01,8.819731413305402501e-02,8.787752577167598500e-02
3.000000000000000000e+00,6.133018091754718348e-01,4.824418646993990367e-01,4.829486556426068611e-01
4.000000000000000000e+00,4.408289426492557894e-02,6.354323834989451802e-02,6.261981051499827811e-02
5.000000000000000000e+00,2.704829582760011619e-01,2.599480694767166700e-01,2.595956089668752798e-01
6.000000000000000000e+00,2.496051219175962101e-03,3.227376386252545082e-02,3.284474038639918769e-02
7.000000000000000000e+00,5.145143139240605096e-02,3.016335450240495430e-02,3.075302535984465735e-02
8.000000000000000000e+00,2.155933175036029142e-03,4.500949239036206723e-02,4.686358214868172750e-02
9.000000000000000000e+00,2.135830205596747355e-01,2.355695872347967346e-01,2.357404785369044131e-01
1.000000000000000000e+01,4.791415318367869131e-02,4.120135265195513929e-02,4.023523433118113279e-02
1.100000000000000000e+01,5.543182632533283360e-02,1.232541001157406862e-01,1.241528569637749407e-01
1.200000000000000000e+01,7.313213365757414985e-02,1.659852386032290364e-02,1.759332389605128277e-02
1.300000000000000000e+01,2.174635418517130714e-01,1.717298444871628860e-01,1.738928337046269645e-01
1.400000000000000000e+01,2.408756872205100423e-03,5.348521821136242166e-02,5.211003330330314653e-02
1.500000000000000000e+01,1.209661579562632261e-01,1.364719275112076802e-01,1.348587423969221932e-01
1.600000000000000000e+01,3.042259794401507011e-02,2.588574185258004506e-02,2.748110107468421451e-02
1.700000000000000000e+01,8.704717466727603450e-03,1.061896522268830634e-02,9.237154957629611918e-03
1.800000000000000000e+01,2.448161127262230615e-03,4.553558102856007650e-03,3.702427464535384006e-03
1.900000000000000000e+01,1.607605400994668171e-02,1.613556768691578117e-02,1.577050683003776085e-02
2.000000000000000000e+01,7.639954683506654069e-03,7.287763513887920985e-03,8.391493520117006624e-03
2.100000000000000000e+01,6.119223608595258414e-03,1.725466835965970211e-02,1.596447244879102209e-02
2.200000000000000000e+01,9.215586362947421686e-03,4.893642457093946158e-03,4.088373887837105231e-03
2.300000000000000000e+01,9.828051955872040349e-03,4.407524028827441639e-03,3.470468763535743736e-03
2.400000000000000000e+01,4.356288241973698717e-03,5.540317188781523731e-03,5.654248806397131101e-03
2.500000000000000000e+01,4.763220260531473432e-03,4.675832798533600780e-03,5.433880716320572610e-03
2.600000000000000000e+01,4.113153470779590259e-03,3.901665668207859178e-03,3.824929806299632445e-03
2.700000000000000000e+01,1.997893021095397282e-03,5.268231510618687913e-03,5.386790240331233021e-03
2.800000000000000000e+01,3.066691682621113576e-03,3.474492102044025605e-03,3.648940413364247601e-03
2.900000000000000000e+01,4.209801379704400728e-03,4.724063878961434586e-03,5.040169584637137906e-03
3.000000000000000000e+01,5.197242655023726586e-03,5.265816121490393686e-03,5.239374003112760685e-03
3.100000000000000000e+01,4.083184416181521656e-03,4.614939361808917222e-03,5.354217998016382735e-03
3.200000000000000000e+01,3.540215416721110512e-03,6.005543606865147883e-03,5.618148900419256409e-03
3.300000000000000000e+01,3.885298359021698792e-03,5.021806342834059939e-03,5.680847952062771655e-03
3.400000000000000000e+01,4.285833284767635865e-03,6.362583693052880490e-03,5.937190242454093436e-03
3.500000000000000000e+01,3.927464392565191593e-03,5.911707268786700782e-03,5.928236852920047012e-03
3.600000000000000000e+01,3.799847167139882523e-03,5.953213022721069551e-03,6.025845665242782895e-03
