Current_A,Lambda_a_Center_mWb,Lambda_a_Amplitude_mWb,Lambda_b_Center_mWb,Lambda_b_Amplitude_mWb,Lambda_c_Center_mWb,Lambda_c_Amplitude_mWb
0,0.0,0.0,0.0,0.0,0.0,0.0
34,38.067398153008014,1.5200882807601381,-13.587324065642699,0.9313820190095372,-13.58595776091662,0.9318642493787603
68,67.27421351983813,12.095472829026033,-22.880756928498784,9.772694516281014,-22.878471693404517,9.773310522315668
102,93.757209848217,23.457842746767298,-31.104405368354158,20.53043542802658,-31.098529430763357,20.530098675520488
136,118.53775918647813,34.598414065202,-38.99397658574062,31.32072609515653,-38.98692400847577,31.32071999245262
170,140.7759711264333,43.4366437380522,-46.342205557625775,40.58013419076545,-46.33557890266157,40.57826563429196
204,159.00295049090624,48.03293592961536,-52.966348313245526,46.818474468228565,-52.96176521128152,46.81654171215602
238,173.93671319897314,49.52256841275268,-58.613158873581646,50.95946020685142,-58.610999121241285,50.957030297806085
272,186.7215386617828,49.66108527722555,-63.53493201909733,53.91103411334497,-63.53376901528043,53.90653344364927
306,198.08087310494054,49.534994415668436,-67.99248052297291,56.01291052773041,-67.99153929161739,56.00669423767768
340,208.3878561565118,49.17020211948255,-72.12200692617533,57.40431043010592,-72.12153955097342,57.39559037585604
