Angle,Phase A,Phase B,Phase C
0.000000000000000000e+00,1.308333617801567539e-01,-5.944538878128586390e+00,5.588059848628002868e+00
1.500000000000000000e+00,4.538431635184488888e-01,-6.215190136783259156e+00,5.530970177126338427e+00
3.000000000000000000e+00,1.219894505967265674e+00,-6.594748311295838050e+00,5.238252219235143947e+00
4.500000000000000000e+00,1.845843530812224964e+00,-6.745222759022929893e+00,4.430659670407408157e+00
6.000000000000000000e+00,2.075976471608985907e+00,-6.803739478243565841e+00,3.256557428118719510e+00
7.500000000000000000e+00,2.388295728058595024e+00,-6.832855981088986397e+00,2.391202215163873657e+00
9.000000000000000000e+00,3.256402656559996611e+00,-6.797480238103348782e+00,2.075586112433311481e+00
1.050000000000000000e+01,4.425110670534601276e+00,-6.705241017575339413e+00,1.845864595439515421e+00
1.200000000000000000e+01,5.229956245377763047e+00,-6.559836162652005420e+00,1.221691290051934553e+00
1.350000000000000000e+01,5.517060302004204608e+00,-6.187503157383393848e+00,4.580350730746173271e-01
1.500000000000000000e+01,5.740396639554170122e+00,-5.733535979686624984e+00,1.000870244661845355e-02
1.650000000000000000e+01,6.184766298427960329e+00,-5.492597722880371514e+00,-4.417284741823946925e-01
1.800000000000000000e+01,6.562784908526876571e+00,-5.210552452952004643e+00,-1.208286584703858191e+00
1.950000000000000000e+01,6.723722462580922432e+00,-4.417753289123255378e+00,-1.839049861779853412e+00
2.100000000000000000e+01,6.803999732632484587e+00,-3.247456227008261642e+00,-2.074713597186864877e+00
2.250000000000000000e+01,6.840359450964551336e+00,-2.387010300718924061e+00,-2.388043498338848991e+00
2.400000000000000000e+01,6.805542355383296993e+00,-2.075354804950809928e+00,-3.248429311071221015e+00
2.550000000000000000e+01,6.723274216876182763e+00,-1.840919603105832136e+00,-4.413006395753828137e+00
2.700000000000000000e+01,6.567031145694902428e+00,-1.210886029207877801e+00,-5.207506172290322866e+00
2.850000000000000000e+01,6.184846257801903668e+00,-4.422036341456012098e-01,-5.495837759263746847e+00
3.000000000000000000e+01,5.742633781861056441e+00,9.031706147093069084e-03,-5.736393894777648939e+00
3.150000000000000000e+01,5.514963739397471087e+00,4.572807005286945725e-01,-6.186109948610641673e+00
3.300000000000000000e+01,5.229759817916566078e+00,1.220168072595070319e+00,-6.561582126282937466e+00
3.450000000000000000e+01,4.426108162462835338e+00,1.843183378945182582e+00,-6.705014867977726389e+00
3.600000000000000000e+01,3.255178703060081169e+00,2.072422199450727032e+00,-6.783243765270226433e+00
3.750000000000000000e+01,2.389038184326680803e+00,2.392148004255394422e+00,-6.832857724645444719e+00
3.900000000000000000e+01,2.077526284715009552e+00,3.256551876924004940e+00,-6.811665071764592128e+00
4.050000000000000000e+01,1.846650007086917844e+00,4.429963032053585437e+00,-6.745500403068505513e+00
4.200000000000000000e+01,1.219854454259883036e+00,5.239134712153239448e+00,-6.596198867766303486e+00
4.350000000000000000e+01,4.557672699563268259e-01,5.528738257090020092e+00,-6.215525165050682865e+00
4.500000000000000000e+01,1.099230724526919882e-03,5.753357701838909044e+00,-5.764437675307313214e+00
4.650000000000000000e+01,-4.544493179083002321e-01,6.216619500389540143e+00,-5.528228636193033729e+00
4.800000000000000000e+01,-1.220789602818185049e+00,6.608648336609954654e+00,-5.240340233738907116e+00
4.950000000000000000e+01,-1.846253493473027474e+00,6.743997929473591668e+00,-4.431802589068161602e+00
5.100000000000000000e+01,-2.076289161310065801e+00,6.809679303358696423e+00,-3.256441161164723486e+00
5.250000000000000000e+01,-2.386765896409069221e+00,6.832057130330190020e+00,-2.392936808258350645e+00
5.400000000000000000e+01,-3.254816981067492954e+00,6.790485004224542820e+00,-2.075895106244149080e+00
5.550000000000000000e+01,-4.428206998273139128e+00,6.705964646850676836e+00,-1.843343561077359860e+00
5.700000000000000000e+01,-5.229712606224214078e+00,6.559655064435369276e+00,-1.222717336877921612e+00
5.850000000000000000e+01,-5.511820363725723482e+00,6.184966990664447550e+00,-4.607997843979380614e-01
6.000000000000000000e+01,-5.740592232141707996e+00,5.732302402767093241e+00,-9.424538193624222224e-03
6.150000000000000000e+01,-6.189593771690917734e+00,5.495987166768397714e+00,4.436372202075939408e-01
6.300000000000000000e+01,-6.568705795423406713e+00,5.210696542225660366e+00,1.209715293452475748e+00
6.450000000000000000e+01,-6.721838931732341926e+00,4.415791124742446172e+00,1.839391601036917345e+00
6.600000000000000000e+01,-6.790279566248794474e+00,3.249372737808557954e+00,2.070930011752870392e+00
6.750000000000000000e+01,-6.839118831308815594e+00,2.387654601085851702e+00,2.386683699214731558e+00
6.900000000000000000e+01,-6.816106842538883548e+00,2.074260979357735568e+00,3.252655938198630192e+00
7.050000000000000000e+01,-6.718735624210078861e+00,1.840988815647340182e+00,4.411415690390265709e+00
7.200000000000000000e+01,-6.563602166825027062e+00,1.210188710147629410e+00,5.208563874328272725e+00
7.350000000000000000e+01,-6.187992434931226526e+00,4.427951786300701742e-01,5.496600870748132195e+00
7.500000000000000000e+01,-5.739997473143049866e+00,-9.012491504698920755e-03,5.730618632321169414e+00
7.650000000000000000e+01,-5.515007027455939514e+00,-4.576008135643055419e-01,6.185412595154124560e+00
7.800000000000000000e+01,-5.231057506542214242e+00,-1.220692577528942779e+00,6.561025082221572546e+00
7.950000000000000000e+01,-4.427045095338647762e+00,-1.844488629330675700e+00,6.706781318570174122e+00
8.100000000000000000e+01,-3.255094040312516590e+00,-2.073739114855121635e+00,6.788246102768694890e+00
8.250000000000000000e+01,-2.389199284657979927e+00,-2.388984875273719499e+00,6.829703830488329075e+00
8.400000000000000000e+01,-2.077799749841274579e+00,-3.256205024821909877e+00,6.810020283873103430e+00
8.550000000000000000e+01,-1.848020475341880964e+00,-4.430840096357396618e+00,6.745884448218852469e+00
8.700000000000000000e+01,-1.221194372819388585e+00,-5.237078857942417009e+00,6.594956876825442293e+00
8.850000000000000000e+01,-7.763727617519819990e-01,-5.472712561749697890e+00,6.486249604254023637e+00
